Claim_ID,Policy_ID,Claim_Amount,Date,Status,Investigation_Required,SRC_TRANSACTION_DATE
CL0001,P0001,140939.69,09/03/2024,Rejected,No,10/03/2024
CL0002,P0002,41485.12,29/02/2024,Approved,No,17/09/2023
CL0003,P0003,7555.86,20/08/2022,Pending,Yes,03/10/2023
CL0004,P0004,104570.8,31/05/2024,Pending,Yes,20/11/2024
CL0005,P0005,4555.39,05/03/2023,Rejected,No,22/11/2023
CL0006,P0006,59056.13,20/05/2024,Pending,Yes,01/09/2023
CL0007,P0007,70293.66,19/07/2024,Rejected,No,18/03/2024
CL0008,P0008,2641.29,30/03/2024,Approved,No,22/04/2025
CL0009,P0009,8063.55,06/02/2023,Pending,Yes,23/09/2024
CL0010,P0010,96067.35,18/02/2023,Pending,Yes,16/09/2024
CL0011,P0011,17244.06,11/03/2024,Pending,Yes,13/02/2025
CL0012,P0012,34421.98,25/02/2025,Approved,No,08/05/2023
CL0013,P0013,6621.29,13/01/2024,Rejected,No,11/07/2024
CL0014,P0014,27912.82,24/09/2022,Pending,Yes,04/05/2024
CL0015,P0015,98239.39,10/04/2024,Pending,Yes,24/02/2025
CL0016,P0016,73190.04,11/01/2024,Rejected,No,22/12/2024
CL0017,P0017,3051.29,13/05/2025,Rejected,No,30/01/2024
CL0018,P0018,25977.87,16/06/2021,Pending,Yes,13/03/2024
CL0019,P0019,10209.09,09/02/2024,Pending,Yes,26/07/2024
CL0020,P0020,134030.31,19/04/2024,Approved,No,24/10/2024
CL0021,P0021,15011.94,22/02/2024,Pending,Yes,23/04/2025
CL0022,P0022,27146.33,20/06/2024,Approved,No,05/07/2024
CL0023,P0023,82157.4,15/12/2024,Pending,Yes,17/01/2025
CL0024,P0024,57540.42,03/02/2025,Pending,Yes,09/07/2023
CL0025,P0025,50269.9,22/04/2024,Pending,Yes,03/06/2024
CL0026,P0026,60152.44,26/05/2025,Rejected,No,10/06/2023
CL0027,P0027,10595.83,10/09/2023,Approved,No,20/07/2023
CL0028,P0028,152000.94,05/08/2024,Rejected,No,27/05/2024
CL0029,P0029,6811.4,10/06/2025,Rejected,No,20/06/2024
CL0030,P0030,117219.53,12/08/2024,Pending,Yes,16/11/2023
CL0031,P0031,30449,29/08/2021,Approved,No,26/07/2023
CL0032,P0032,106675.33,03/12/2024,Approved,No,03/08/2023
CL0033,P0033,80803.45,22/03/2024,Pending,Yes,16/09/2024
CL0034,P0034,47058.31,24/03/2024,Pending,Yes,10/09/2023
CL0035,P0035,49652.6,05/01/2024,Rejected,No,20/12/2024
CL0036,P0036,139641.17,19/09/2023,Approved,No,15/07/2023
CL0037,P0037,62947.16,29/05/2024,Pending,Yes,27/03/2025
CL0038,P0038,20223.75,26/08/2022,Pending,Yes,26/02/2024
CL0039,P0039,3872.41,22/04/2023,Approved,No,15/06/2023
CL0040,P0040,9263.47,03/01/2022,Approved,No,04/04/2024
CL0041,P0041,22200.17,16/11/2024,Pending,Yes,10/05/2024
CL0042,P0042,12909.31,02/09/2023,Approved,No,09/04/2025
CL0043,P0043,50394.41,12/12/2023,Pending,Yes,28/08/2023
CL0044,P0044,4843.48,28/09/2024,Rejected,No,03/07/2023
CL0045,P0045,4510.69,24/08/2024,Pending,Yes,23/01/2025
CL0046,P0046,9557.8,11/07/2024,Rejected,No,24/07/2023
CL0047,P0047,83892.54,07/06/2024,Pending,Yes,22/08/2024
CL0048,P0048,13249.01,28/05/2025,Rejected,No,10/09/2024
CL0049,P0049,185014.71,17/11/2024,Pending,Yes,25/08/2024
CL0050,P0050,57073.2,24/08/2022,Approved,No,21/09/2024
CL0051,P0051,31486.16,09/09/2022,Pending,Yes,21/09/2024
CL0052,P0052,50648.44,05/01/2021,Pending,Yes,19/11/2023
CL0053,P0053,15810.07,11/11/2023,Rejected,No,06/03/2024
CL0054,P0054,44767.1,22/04/2025,Approved,No,08/10/2024
CL0055,P0055,133004,13/06/2024,Rejected,No,07/11/2024
CL0056,P0056,16744.92,03/03/2023,Pending,Yes,12/09/2024
CL0057,P0057,77296.95,07/10/2023,Pending,Yes,25/01/2024
CL0058,P0058,20350.21,17/06/2021,Rejected,No,22/06/2024
CL0059,P0059,74287.35,06/03/2025,Approved,No,29/01/2024
CL0060,P0060,113083.83,22/09/2024,Pending,Yes,15/06/2024
CL0061,P0061,114799.94,16/01/2023,Rejected,No,23/11/2023
CL0062,P0062,6729.44,02/12/2023,Pending,Yes,05/11/2024
CL0063,P0063,20608.82,31/07/2024,Pending,Yes,19/07/2023
CL0064,P0064,6398.41,21/06/2023,Rejected,No,11/07/2023
CL0065,P0065,21112.33,05/06/2025,Rejected,No,06/07/2024
CL0066,P0066,157950.09,09/03/2025,Approved,No,04/09/2023
CL0067,P0067,101951.67,11/04/2022,Rejected,No,09/05/2024
CL0068,P0068,7538.26,29/11/2020,Rejected,No,19/04/2024
CL0069,P0069,60247.6,22/11/2024,Rejected,No,14/03/2025
CL0070,P0070,50771.14,23/11/2023,Pending,Yes,26/06/2023
CL0071,P0071,4372.39,15/05/2023,Rejected,No,02/03/2024
CL0072,P0072,53735.91,09/06/2023,Rejected,No,17/10/2024
CL0073,P0073,15341.94,23/02/2021,Pending,Yes,22/08/2024
CL0074,P0074,25232.96,18/06/2023,Approved,No,08/05/2023
CL0075,P0075,48285.04,11/08/2024,Approved,No,23/04/2024
CL0076,P0076,17350.97,05/02/2025,Pending,Yes,25/10/2023
CL0077,P0077,43257.82,05/05/2024,Pending,Yes,24/04/2024
CL0078,P0078,5228.31,17/04/2024,Rejected,No,18/05/2024
CL0079,P0079,18208.12,07/02/2024,Approved,No,11/02/2025
CL0080,P0080,45742.89,08/12/2022,Pending,Yes,05/07/2024
CL0081,P0081,40287.23,30/12/2020,Pending,Yes,25/07/2023
CL0082,P0082,139155.97,23/04/2024,Approved,No,20/04/2024
CL0083,P0083,20412.94,06/04/2024,Rejected,No,18/01/2024
CL0084,P0084,5070.28,30/08/2024,Rejected,No,15/04/2024
CL0085,P0085,18666.05,28/01/2024,Rejected,No,19/04/2025
CL0086,P0086,41360.7,24/06/2021,Approved,No,23/03/2025
CL0087,P0087,32480.55,20/02/2022,Approved,No,12/05/2023
CL0088,P0088,84460.75,08/10/2024,Approved,No,07/12/2024
CL0089,P0089,10545.98,20/08/2024,Pending,Yes,21/08/2023
CL0090,P0090,80240.64,26/08/2024,Rejected,No,13/12/2023
CL0091,P0091,135450.34,18/10/2023,Rejected,No,29/07/2023
CL0092,P0092,21485.6,15/01/2025,Approved,No,25/02/2025
CL0093,P0093,8287.76,23/08/2022,Pending,Yes,27/01/2024
CL0094,P0094,95785.08,13/07/2023,Approved,No,16/04/2024
CL0095,P0095,8998.76,03/12/2023,Pending,Yes,05/06/2023
CL0096,P0096,8654.02,08/07/2022,Rejected,No,12/06/2024
CL0097,P0097,100098.52,12/06/2023,Approved,No,08/06/2023
CL0098,P0098,22619,06/10/2024,Approved,No,20/10/2024
CL0099,P0099,5714.98,13/08/2023,Pending,Yes,05/07/2023
CL0100,P0100,2481.48,25/08/2023,Rejected,No,04/11/2023
CL0101,P0101,118333.36,29/08/2023,Approved,No,29/10/2024
CL0102,P0102,13805.75,17/11/2023,Pending,Yes,08/04/2025
CL0103,P0103,10531.68,01/02/2024,Approved,No,03/02/2024
CL0104,P0104,62130.15,17/04/2024,Pending,Yes,31/12/2023
CL0105,P0105,3665.59,07/05/2023,Pending,Yes,07/06/2023
CL0106,P0106,67733.95,25/11/2023,Approved,No,15/06/2023
CL0107,P0107,16423.26,04/10/2020,Pending,Yes,18/02/2024
CL0108,P0108,62790.78,31/03/2025,Approved,No,04/03/2025
CL0109,P0109,61488.43,28/06/2024,Rejected,No,21/03/2025
CL0110,P0110,21042.63,04/11/2024,Rejected,No,18/08/2023
CL0111,P0111,12122.23,07/05/2021,Approved,No,15/05/2024
CL0112,P0112,54029.97,06/04/2024,Approved,No,06/11/2024
CL0113,P0113,113460.93,12/07/2024,Pending,Yes,18/12/2024
CL0114,P0114,23726.4,03/04/2023,Rejected,No,04/07/2024
CL0115,P0115,129822.4,27/08/2024,Rejected,No,07/11/2024
CL0116,P0116,48997.6,01/11/2024,Rejected,No,01/03/2024
CL0117,P0117,22753.25,01/01/2025,Pending,Yes,10/03/2024
CL0118,P0118,186782.71,04/06/2025,Approved,No,14/04/2025
CL0119,P0119,33369.9,22/05/2024,Rejected,No,20/05/2023
CL0120,P0120,34028.39,12/02/2023,Approved,No,20/05/2024
CL0121,P0121,14673.07,06/03/2022,Approved,No,14/02/2025
CL0122,P0122,36775.13,18/12/2023,Approved,No,19/08/2024
CL0123,P0123,106041.78,09/11/2022,Rejected,No,11/02/2025
CL0124,P0124,69780.64,26/07/2024,Rejected,No,01/03/2025
CL0125,P0125,4911.92,25/05/2024,Pending,Yes,14/12/2024
CL0126,P0126,14041.88,28/02/2025,Approved,No,23/02/2024
CL0127,P0127,39198.87,08/04/2023,Pending,Yes,28/03/2024
CL0128,P0128,44995.14,14/03/2024,Rejected,No,19/06/2024
CL0129,P0129,16067.52,14/07/2024,Pending,Yes,12/02/2024
CL0130,P0130,18631.27,28/07/2021,Approved,No,21/03/2024
CL0131,P0131,9898.19,08/12/2024,Rejected,No,10/02/2024
CL0132,P0132,123765.92,28/10/2024,Pending,Yes,05/07/2023
CL0133,P0133,66483.9,11/06/2024,Approved,No,30/04/2025
CL0134,P0134,105382.24,17/11/2022,Pending,Yes,20/02/2024
CL0135,P0135,38970.45,13/04/2022,Approved,No,25/05/2024
CL0136,P0136,18888.38,12/09/2021,Rejected,No,29/11/2024
CL0137,P0137,20640.68,13/03/2023,Pending,Yes,08/10/2023
CL0138,P0138,49086.09,12/09/2022,Rejected,No,22/03/2024
CL0139,P0139,8780.65,25/04/2021,Pending,Yes,14/11/2024
CL0140,P0140,43152.99,01/11/2023,Rejected,No,21/06/2024
CL0141,P0141,13897.45,02/03/2021,Rejected,No,09/07/2023
CL0142,P0142,18269.55,12/11/2022,Rejected,No,21/12/2024
CL0143,P0143,70773.05,30/05/2024,Pending,Yes,18/12/2024
CL0144,P0144,58491.59,17/07/2022,Approved,No,22/03/2025
CL0145,P0145,41313.8,14/06/2022,Rejected,No,23/05/2024
CL0146,P0146,6967.45,28/03/2024,Rejected,No,29/05/2024
CL0147,P0147,120566.77,20/08/2023,Rejected,No,27/05/2024
CL0148,P0148,4918.27,15/09/2023,Rejected,No,23/02/2025
CL0149,P0149,89345.56,31/10/2023,Rejected,No,30/05/2023
CL0150,P0150,32596.86,10/08/2022,Pending,Yes,21/02/2024
CL0151,P0151,68320.95,11/04/2022,Rejected,No,09/09/2024
CL0152,P0152,116397.12,19/10/2022,Pending,Yes,10/04/2025
CL0153,P0153,21381.05,04/09/2024,Approved,No,03/05/2024
CL0154,P0154,5616.45,19/05/2023,Approved,No,27/10/2023
CL0155,P0155,8075.93,07/05/2025,Rejected,No,26/03/2024
CL0156,P0156,164222.42,08/11/2023,Rejected,No,23/12/2024
CL0157,P0157,66911.27,08/07/2024,Rejected,No,16/10/2023
CL0158,P0158,47971.54,07/03/2025,Pending,Yes,17/01/2024
CL0159,P0159,66853.16,05/02/2024,Approved,No,22/08/2023
CL0160,P0160,52015.19,12/09/2024,Approved,No,09/04/2024
CL0161,P0161,185387.06,12/01/2023,Rejected,No,06/12/2024
CL0162,P0162,4471.48,21/04/2025,Approved,No,27/07/2024
CL0163,P0163,4088.01,05/01/2022,Rejected,No,28/05/2023
CL0164,P0164,54390.52,16/02/2024,Pending,Yes,20/01/2024
CL0165,P0165,2427.67,24/11/2024,Rejected,No,09/03/2024
CL0166,P0166,18576.27,21/03/2025,Pending,Yes,15/12/2024
CL0167,P0167,13820.12,25/01/2025,Rejected,No,25/02/2024
CL0168,P0168,28329.59,02/04/2023,Approved,No,04/09/2024
CL0169,P0169,96335.48,05/05/2022,Approved,No,14/03/2024
CL0170,P0170,3680.57,05/11/2024,Pending,Yes,19/09/2024
CL0171,P0171,43945.84,30/05/2024,Rejected,No,09/05/2023
CL0172,P0172,162293.17,18/10/2023,Pending,Yes,29/06/2024
CL0173,P0173,62627.14,17/02/2021,Approved,No,25/01/2024
CL0174,P0174,94633.64,05/10/2024,Pending,Yes,14/04/2024
CL0175,P0175,169898.88,05/09/2020,Approved,No,27/05/2024
CL0176,P0176,98430.18,20/06/2023,Pending,Yes,09/09/2023
CL0177,P0177,23366.96,08/06/2024,Pending,Yes,06/02/2025
CL0178,P0178,3185.17,04/12/2024,Pending,Yes,12/12/2024
CL0179,P0179,22998.6,01/09/2024,Approved,No,22/12/2024
CL0180,P0180,50182.58,01/04/2024,Pending,Yes,23/02/2025
CL0181,P0181,142996.45,08/08/2023,Rejected,No,01/06/2023
CL0182,P0182,49973.73,21/05/2024,Pending,Yes,11/10/2024
CL0183,P0183,8236.83,18/01/2024,Rejected,No,20/07/2024
CL0184,P0184,73681.96,29/12/2023,Pending,Yes,07/09/2024
CL0185,P0185,83496.52,13/01/2022,Rejected,No,31/05/2023
CL0186,P0186,75288.28,25/05/2024,Rejected,No,05/10/2024
CL0187,P0187,3905.21,03/01/2024,Approved,No,28/05/2023
CL0188,P0188,17149.79,24/11/2023,Pending,Yes,09/01/2025
CL0189,P0189,114429.35,07/04/2025,Approved,No,12/05/2024
CL0190,P0190,4351.71,21/05/2021,Pending,Yes,01/08/2024
CL0191,P0191,80373.04,12/04/2025,Approved,No,12/07/2023
CL0192,P0192,53435.15,03/10/2021,Pending,Yes,28/05/2024
CL0193,P0193,53983.79,25/11/2024,Rejected,No,04/05/2024
CL0194,P0194,6505.13,26/03/2022,Pending,Yes,05/07/2023
CL0195,P0195,20028.75,29/04/2024,Pending,Yes,24/05/2023
CL0196,P0196,20394.23,23/03/2024,Approved,No,06/09/2023
CL0197,P0197,29654.08,13/12/2022,Approved,No,20/01/2024
CL0198,P0198,106958.86,24/09/2021,Pending,Yes,13/09/2024
CL0199,P0199,22416.64,05/04/2023,Approved,No,15/04/2025
CL0200,P0200,4267.47,22/07/2023,Approved,No,30/01/2025
CL0201,P0201,71015.3,23/12/2023,Approved,No,31/03/2024
CL0202,P0202,102937.08,30/08/2024,Rejected,No,28/05/2023
CL0203,P0203,4978.75,09/10/2023,Approved,No,19/04/2024
CL0204,P0204,46993.67,18/10/2021,Pending,Yes,08/03/2025
CL0205,P0205,36627.81,23/04/2025,Approved,No,29/04/2025
CL0206,P0206,21608.09,19/10/2023,Pending,Yes,03/08/2023
CL0207,P0207,94217.09,01/05/2024,Pending,Yes,01/11/2023
CL0208,P0208,43711.24,04/11/2022,Rejected,No,09/12/2023
CL0209,P0209,8010.45,05/10/2023,Pending,Yes,29/04/2025
CL0210,P0210,15970.49,09/03/2023,Approved,No,16/03/2025
CL0211,P0211,37599.96,31/10/2023,Pending,Yes,03/08/2023
CL0212,P0212,5747.06,15/09/2024,Rejected,No,19/06/2023
CL0213,P0213,42133.58,05/07/2023,Rejected,No,22/06/2024
CL0214,P0214,118501.74,23/10/2024,Approved,No,01/05/2024
CL0215,P0215,24064.03,08/03/2024,Approved,No,02/08/2023
CL0216,P0216,8121.71,10/05/2025,Approved,No,22/04/2024
CL0217,P0217,12635.74,14/03/2024,Pending,Yes,13/08/2023
CL0218,P0218,63776.48,25/10/2023,Rejected,No,17/09/2024
CL0219,P0219,13992.59,20/04/2025,Approved,No,10/01/2024
CL0220,P0220,97782.43,06/01/2025,Rejected,No,14/06/2023
CL0221,P0221,11976.54,30/01/2022,Pending,Yes,18/02/2024
CL0222,P0222,17647.64,27/07/2023,Rejected,No,15/05/2024
CL0223,P0223,60585.86,10/10/2022,Pending,Yes,06/06/2023
CL0224,P0224,117984.92,29/12/2024,Rejected,No,02/01/2024
CL0225,P0225,50536.5,24/12/2023,Pending,Yes,13/05/2023
CL0226,P0226,24982.98,19/12/2021,Approved,No,05/04/2024
CL0227,P0227,187362.38,27/10/2024,Pending,Yes,13/06/2023
CL0228,P0228,51816.25,23/06/2021,Pending,Yes,02/02/2024
CL0229,P0229,23849.92,02/04/2022,Rejected,No,30/04/2025
CL0230,P0230,68264.42,22/03/2022,Approved,No,11/11/2024
CL0231,P0231,90841.13,20/07/2024,Pending,Yes,06/01/2025
CL0232,P0232,35953.67,07/11/2022,Pending,Yes,15/11/2024
CL0233,P0233,66034.75,02/12/2021,Approved,No,20/11/2024
CL0234,P0234,29426.81,21/10/2024,Approved,No,04/12/2023
CL0235,P0235,50426.22,01/12/2022,Pending,Yes,21/03/2025
CL0236,P0236,24715.31,25/02/2021,Pending,Yes,24/06/2024
CL0237,P0237,140979.21,11/07/2022,Rejected,No,09/10/2023
CL0238,P0238,117620.18,12/04/2024,Approved,No,18/05/2024
CL0239,P0239,12261.77,07/04/2024,Pending,Yes,30/08/2024
CL0240,P0240,160649.45,05/06/2024,Rejected,No,28/03/2024
CL0241,P0241,10483.66,31/01/2025,Pending,Yes,20/01/2024
CL0242,P0242,68252.2,22/09/2021,Approved,No,20/03/2025
CL0243,P0243,11475.18,04/01/2025,Approved,No,31/07/2023
CL0244,P0244,110667.92,22/12/2024,Pending,Yes,18/04/2025
CL0245,P0245,42934.5,02/02/2023,Pending,Yes,16/09/2023
CL0246,P0246,35776.93,13/02/2023,Rejected,No,29/12/2024
CL0247,P0247,59325.37,14/03/2025,Pending,Yes,29/09/2024
CL0248,P0248,5516.92,14/05/2023,Pending,Yes,07/01/2024
CL0249,P0249,11565.6,08/02/2022,Approved,No,02/07/2023
CL0250,P0250,153799.27,21/09/2023,Approved,No,10/12/2024
CL0251,P0251,17545.35,18/05/2023,Approved,No,26/12/2023
CL0252,P0252,41934.57,13/11/2023,Pending,Yes,16/06/2023
CL0253,P0253,38863.6,18/08/2023,Approved,No,07/06/2023
CL0254,P0254,141504.76,03/05/2025,Rejected,No,27/11/2024
CL0255,P0255,75173.13,01/12/2022,Approved,No,20/07/2023
CL0256,P0256,4897.83,17/03/2024,Pending,Yes,16/09/2024
CL0257,P0257,46420.39,20/02/2025,Approved,No,04/12/2023
CL0258,P0258,11262.25,06/02/2024,Approved,No,05/10/2024
CL0259,P0259,51677.34,13/10/2024,Rejected,No,15/08/2024
CL0260,P0260,55376.15,07/01/2022,Rejected,No,22/10/2024
CL0261,P0261,25416.59,23/08/2024,Pending,Yes,18/11/2023
CL0262,P0262,130733.06,15/05/2023,Pending,Yes,05/12/2024
CL0263,P0263,154954.14,21/05/2023,Pending,Yes,06/10/2024
CL0264,P0264,172914,22/10/2022,Rejected,No,02/09/2024
CL0265,P0265,10109.98,31/07/2024,Rejected,No,25/02/2025
CL0266,P0266,16552.3,12/02/2025,Pending,Yes,03/11/2024
CL0267,P0267,86067.34,26/06/2024,Pending,Yes,27/02/2025
CL0268,P0268,122798.43,01/02/2025,Pending,Yes,29/08/2024
CL0269,P0269,97783.6,05/10/2024,Pending,Yes,12/02/2025
CL0270,P0270,38761.98,16/07/2024,Rejected,No,17/06/2024
CL0271,P0271,2282.39,21/07/2023,Pending,Yes,01/07/2024
CL0272,P0272,5872.04,08/05/2023,Pending,Yes,20/02/2024
CL0273,P0273,118220.35,03/04/2024,Approved,No,21/04/2025
CL0274,P0274,2183.88,12/12/2023,Rejected,No,30/01/2024
CL0275,P0275,46067.13,01/11/2022,Pending,Yes,27/04/2025
CL0276,P0276,23846.99,13/06/2022,Approved,No,26/07/2024
CL0277,P0277,51824.93,26/10/2024,Pending,Yes,17/02/2024
CL0278,P0278,95025.8,27/07/2023,Rejected,No,27/04/2025
CL0279,P0279,102408.79,18/04/2024,Rejected,No,01/02/2025
CL0280,P0280,27458.63,03/04/2024,Pending,Yes,26/01/2025
CL0281,P0281,6207.85,22/06/2025,Rejected,No,28/07/2024
CL0282,P0282,53976.97,09/01/2024,Rejected,No,28/08/2024
CL0283,P0283,56436.36,24/01/2023,Rejected,No,05/11/2023
CL0284,P0284,169539.83,13/01/2024,Approved,No,03/06/2024
CL0285,P0285,166321.88,17/06/2023,Pending,Yes,30/09/2024
CL0286,P0286,22967.79,18/12/2024,Approved,No,19/04/2024
CL0287,P0287,45980.56,10/07/2022,Rejected,No,26/11/2023
CL0288,P0288,68299.98,29/10/2024,Pending,Yes,09/12/2024
CL0289,P0289,33490.98,15/01/2024,Approved,No,18/04/2025
CL0290,P0290,67381.89,19/05/2023,Approved,No,21/04/2025
CL0291,P0291,33673.81,14/10/2021,Pending,Yes,23/07/2024
CL0292,P0292,95369.67,20/08/2022,Approved,No,20/06/2023
CL0293,P0293,46205.23,21/10/2024,Pending,Yes,26/02/2024
CL0294,P0294,106125.74,05/12/2023,Rejected,No,13/08/2024
CL0295,P0295,10153.93,18/12/2023,Approved,No,31/01/2025
CL0296,P0296,26645.82,27/05/2024,Approved,No,29/10/2023
CL0297,P0297,44495.52,07/02/2022,Pending,Yes,25/01/2024
CL0298,P0298,84131.58,03/09/2022,Pending,Yes,12/03/2025
CL0299,P0299,4245.35,22/12/2021,Approved,No,04/05/2025
CL0300,P0300,36242.12,26/03/2025,Approved,No,14/08/2024
CL0301,P0301,97155.8,15/12/2022,Rejected,No,10/03/2024
CL0302,P0302,94768.08,27/05/2024,Rejected,No,12/06/2023
CL0303,P0303,18121.98,25/12/2023,Rejected,No,14/12/2023
CL0304,P0304,104732.51,09/10/2024,Rejected,No,02/11/2024
CL0305,P0305,25061.93,23/01/2024,Approved,No,14/03/2024
CL0306,P0306,70559.32,01/01/2025,Approved,No,18/03/2024
CL0307,P0307,8623.78,18/03/2025,Pending,Yes,25/10/2023
CL0308,P0308,6306.98,31/03/2025,Approved,No,22/05/2023
CL0309,P0309,16823.63,24/10/2024,Pending,Yes,06/09/2024
CL0310,P0310,17962.61,12/09/2024,Pending,Yes,09/04/2024
CL0311,P0311,5491.3,10/12/2023,Pending,Yes,09/06/2024
CL0312,P0312,45635.96,03/12/2021,Pending,Yes,14/11/2024
CL0313,P0313,121621.75,11/09/2024,Pending,Yes,12/04/2024
CL0314,P0314,98803.17,28/01/2024,Approved,No,29/02/2024
CL0315,P0315,174143.24,08/08/2024,Pending,Yes,31/08/2023
CL0316,P0316,56412.72,20/05/2023,Rejected,No,23/02/2024
CL0317,P0317,125564.25,12/01/2025,Rejected,No,01/12/2023
CL0318,P0318,105865.99,14/03/2024,Pending,Yes,07/07/2024
CL0319,P0319,24783.8,09/08/2024,Approved,No,26/04/2025
CL0320,P0320,42502.86,26/08/2022,Pending,Yes,03/04/2025
CL0321,P0321,3455.99,18/01/2025,Approved,No,28/10/2024
CL0322,P0322,74263.36,23/01/2024,Pending,Yes,07/05/2024
CL0323,P0323,70886.6,28/08/2022,Pending,Yes,24/07/2024
CL0324,P0324,5936.89,30/04/2023,Rejected,No,05/02/2025
CL0325,P0325,29592.02,17/04/2025,Pending,Yes,04/09/2024
CL0326,P0326,15103.84,12/06/2023,Approved,No,02/01/2025
CL0327,P0327,41824.09,22/10/2024,Pending,Yes,19/01/2024
CL0328,P0328,14858.52,20/10/2021,Approved,No,14/06/2024
CL0329,P0329,19222.24,22/12/2023,Rejected,No,09/05/2023
CL0330,P0330,29063.18,03/06/2024,Pending,Yes,19/07/2024
CL0331,P0331,40661.89,11/09/2022,Rejected,No,24/07/2024
CL0332,P0332,98425.45,19/03/2024,Approved,No,26/06/2023
CL0333,P0333,181810.97,24/02/2025,Rejected,No,29/11/2024
CL0334,P0334,13110.53,27/05/2024,Approved,No,30/12/2024
CL0335,P0335,4380.77,28/02/2024,Rejected,No,17/03/2025
CL0336,P0336,51389.88,27/05/2023,Approved,No,04/03/2025
CL0337,P0337,132997.51,16/10/2023,Approved,No,13/11/2024
CL0338,P0338,26719.36,28/11/2024,Rejected,No,05/04/2024
CL0339,P0339,21956.3,09/10/2021,Approved,No,15/09/2023
CL0340,P0340,21004.87,23/03/2024,Rejected,No,08/03/2024
CL0341,P0341,20158.16,31/01/2021,Approved,No,16/10/2024
CL0342,P0342,55798.86,25/12/2021,Rejected,No,24/01/2024
CL0343,P0343,49146.28,15/01/2023,Pending,Yes,23/08/2023
CL0344,P0344,4098.51,16/04/2025,Approved,No,23/06/2024
CL0345,P0345,22734.68,14/04/2024,Approved,No,21/02/2024
CL0346,P0346,79031.09,09/09/2022,Pending,Yes,02/05/2025
CL0347,P0347,171702.97,03/09/2024,Pending,Yes,13/05/2023
CL0348,P0348,6854.06,23/12/2024,Pending,Yes,28/07/2023
CL0349,P0349,16255.62,09/01/2024,Pending,Yes,01/11/2024
CL0350,P0350,54532.19,10/01/2023,Rejected,No,21/02/2024
CL0351,P0351,140094.28,01/01/2024,Pending,Yes,29/04/2025
CL0352,P0352,32152.3,03/12/2023,Rejected,No,27/01/2025
CL0353,P0353,32388.52,06/06/2024,Rejected,No,26/03/2025
CL0354,P0354,23857.58,01/10/2023,Rejected,No,02/09/2024
CL0355,P0355,104097.9,01/06/2023,Rejected,No,26/12/2023
CL0356,P0356,67666.85,07/06/2021,Pending,Yes,22/11/2024
CL0357,P0357,85265.84,10/05/2024,Approved,No,27/01/2024
CL0358,P0358,13302.67,05/04/2024,Approved,No,20/12/2024
CL0359,P0359,79455.48,05/07/2021,Pending,Yes,17/02/2024
CL0360,P0360,32030.02,06/12/2024,Pending,Yes,10/09/2023
CL0361,P0361,9736.9,29/01/2023,Rejected,No,04/01/2024
CL0362,P0362,5169.75,08/09/2023,Approved,No,05/12/2024
CL0363,P0363,9657.34,14/01/2024,Rejected,No,19/03/2025
CL0364,P0364,21439.63,04/03/2024,Pending,Yes,18/05/2024
CL0365,P0365,7175.04,28/09/2024,Approved,No,13/07/2024
CL0366,P0366,71164.14,24/01/2023,Pending,Yes,20/09/2023
CL0367,P0367,24885.09,12/11/2024,Pending,Yes,26/04/2025
CL0368,P0368,86284.39,03/01/2025,Rejected,No,14/08/2024
CL0369,P0369,143826.84,15/05/2025,Approved,No,14/03/2025
CL0370,P0370,36725.51,10/07/2024,Approved,No,13/07/2023
CL0371,P0371,10158.27,09/06/2024,Rejected,No,01/01/2024
CL0372,P0372,63595.6,21/09/2023,Rejected,No,07/04/2024
CL0373,P0373,70609.5,15/07/2022,Pending,Yes,20/09/2023
CL0374,P0374,77534.32,18/05/2025,Approved,No,06/04/2024
CL0375,P0375,22687.16,02/08/2024,Approved,No,18/11/2023
CL0376,P0376,12263.95,23/07/2023,Approved,No,24/07/2024
CL0377,P0377,47133.43,16/01/2022,Rejected,No,05/11/2024
CL0378,P0378,117694.67,29/06/2024,Approved,No,02/07/2024
CL0379,P0379,121139.46,01/09/2022,Pending,Yes,05/12/2023
CL0380,P0380,30238.18,04/06/2022,Pending,Yes,11/10/2023
CL0381,P0381,24611.36,20/07/2024,Pending,Yes,13/04/2024
CL0382,P0382,98496.95,15/05/2024,Approved,No,19/07/2024
CL0383,P0383,44329.24,22/08/2023,Pending,Yes,27/09/2024
CL0384,P0384,154389.86,23/02/2024,Approved,No,12/03/2025
CL0385,P0385,112081.01,29/01/2021,Rejected,No,21/06/2024
CL0386,P0386,28335.1,14/10/2023,Pending,Yes,08/11/2024
CL0387,P0387,66863.53,17/10/2024,Pending,Yes,19/10/2024
CL0388,P0388,10201.67,04/05/2024,Rejected,No,19/10/2024
CL0389,P0389,7406.46,26/07/2021,Rejected,No,15/04/2024
CL0390,P0390,101976.83,25/02/2025,Rejected,No,18/08/2024
CL0391,P0391,68938.82,21/09/2021,Approved,No,04/11/2023
CL0392,P0392,73321.65,18/02/2024,Rejected,No,01/04/2025
CL0393,P0393,44468.49,20/02/2024,Approved,No,27/08/2024
CL0394,P0394,39800.55,18/09/2021,Pending,Yes,07/06/2024
CL0395,P0395,49187.14,08/07/2023,Rejected,No,03/04/2024
CL0396,P0396,17375.08,02/12/2024,Rejected,No,10/08/2023
CL0397,P0397,42374.63,12/03/2024,Approved,No,08/10/2023
CL0398,P0398,8265.32,27/11/2023,Pending,Yes,01/10/2024
CL0399,P0399,169633.34,04/07/2022,Pending,Yes,06/05/2023
CL0400,P0400,92728.58,22/09/2023,Pending,Yes,27/04/2025
CL0401,P0401,18972.86,24/11/2022,Approved,No,28/11/2023
CL0402,P0402,34644.83,31/05/2024,Approved,No,17/09/2024
CL0403,P0403,50778.94,15/06/2024,Rejected,No,01/03/2024
CL0404,P0404,10673.96,22/05/2025,Approved,No,16/05/2024
CL0405,P0405,10650.36,17/01/2023,Rejected,No,01/07/2023
CL0406,P0406,25057.43,29/12/2024,Rejected,No,14/04/2025
CL0407,P0407,156662.68,23/12/2021,Pending,Yes,11/09/2024
CL0408,P0408,83069.63,23/03/2025,Rejected,No,12/05/2023
CL0409,P0409,26038.19,08/01/2023,Approved,No,12/03/2025
CL0410,P0410,14491.03,22/01/2025,Rejected,No,16/10/2024
CL0411,P0411,15964.54,18/10/2022,Rejected,No,28/12/2024
CL0412,P0412,9381.9,21/11/2021,Rejected,No,11/12/2023
CL0413,P0413,7439.67,11/07/2022,Pending,Yes,03/03/2024
CL0414,P0414,51191.96,14/06/2022,Approved,No,22/05/2023
CL0415,P0415,109376.17,30/04/2024,Pending,Yes,13/12/2023
CL0416,P0416,5361.49,07/09/2023,Rejected,No,07/02/2024
CL0417,P0417,24462.71,05/12/2024,Approved,No,22/08/2023
CL0418,P0418,32802.34,28/10/2022,Pending,Yes,04/05/2025
CL0419,P0419,76294.74,12/05/2025,Pending,Yes,01/02/2024
CL0420,P0420,25473.8,01/11/2024,Rejected,No,30/01/2025
CL0421,P0421,8275.64,24/03/2022,Pending,Yes,13/09/2024
CL0422,P0422,26250.5,13/02/2025,Approved,No,26/02/2025
CL0423,P0423,56466.49,01/04/2025,Pending,Yes,10/06/2023
CL0424,P0424,80231.93,21/01/2023,Approved,No,20/05/2024
CL0425,P0425,102335.27,10/04/2024,Pending,Yes,07/11/2023
CL0426,P0426,7214.95,29/08/2023,Approved,No,11/10/2024
CL0427,P0427,67682.52,24/05/2025,Approved,No,16/09/2023
CL0428,P0428,51792.01,27/01/2023,Pending,Yes,08/07/2023
CL0429,P0429,9783.98,04/07/2024,Pending,Yes,25/02/2025
CL0430,P0430,82628.85,26/12/2024,Rejected,No,13/04/2025
CL0431,P0431,83361.95,10/09/2024,Pending,Yes,19/07/2024
CL0432,P0432,114777.85,11/03/2023,Pending,Yes,12/10/2023
CL0433,P0433,58636.79,01/02/2025,Pending,Yes,16/05/2024
CL0434,P0434,60257.85,18/10/2023,Rejected,No,25/11/2023
CL0435,P0435,24241.53,05/11/2023,Approved,No,28/03/2025
CL0436,P0436,45783.24,10/08/2021,Rejected,No,22/11/2023
CL0437,P0437,77019.26,02/05/2024,Approved,No,19/07/2024
CL0438,P0438,3617.82,15/05/2025,Pending,Yes,05/09/2024
CL0439,P0439,54457.52,28/12/2024,Rejected,No,31/05/2024
CL0440,P0440,20753.52,24/03/2024,Pending,Yes,16/10/2023
CL0441,P0441,43430.47,12/01/2025,Approved,No,10/09/2023
CL0442,P0442,76502.96,12/01/2024,Pending,Yes,08/03/2025
CL0443,P0443,22810.36,04/10/2024,Approved,No,07/11/2024
CL0444,P0444,54374.52,03/05/2025,Rejected,No,06/03/2024
CL0445,P0445,31629.69,06/09/2022,Pending,Yes,03/10/2023
CL0446,P0446,35158.34,30/08/2023,Pending,Yes,12/10/2024
CL0447,P0447,29003.85,22/02/2024,Rejected,No,11/07/2024
CL0448,P0448,35631.79,22/09/2024,Pending,Yes,08/06/2023
CL0449,P0449,50684.77,03/08/2023,Approved,No,20/12/2024
CL0450,P0450,55632.86,09/11/2021,Rejected,No,01/07/2024
CL0451,P0451,19196.97,20/12/2022,Pending,Yes,12/10/2023
CL0452,P0452,5651.97,10/03/2023,Rejected,No,19/05/2024
CL0453,P0453,56585.15,10/05/2024,Rejected,No,11/12/2023
CL0454,P0454,27350.61,19/03/2025,Pending,Yes,22/03/2025
CL0455,P0455,71713.02,23/04/2025,Pending,Yes,26/02/2024
CL0456,P0456,12185.55,26/08/2024,Approved,No,28/12/2023
CL0457,P0457,31268.62,02/03/2024,Rejected,No,29/11/2023
CL0458,P0458,8846.33,05/03/2024,Rejected,No,30/06/2023
CL0459,P0459,36391.91,24/10/2022,Pending,Yes,28/04/2024
CL0460,P0460,32077.89,22/08/2024,Rejected,No,29/08/2024
CL0461,P0461,32503.05,06/02/2025,Approved,No,08/02/2025
CL0462,P0462,50304.66,10/12/2020,Pending,Yes,26/01/2024
CL0463,P0463,3763.01,15/03/2023,Approved,No,19/04/2025
CL0464,P0464,9097.61,18/06/2024,Rejected,No,27/10/2024
CL0465,P0465,94445.32,23/07/2023,Approved,No,19/08/2024
CL0466,P0466,13869.88,15/08/2023,Rejected,No,28/11/2023
CL0467,P0467,47718.44,26/10/2023,Approved,No,06/11/2024
CL0468,P0468,69542.93,02/12/2023,Approved,No,22/07/2023
CL0469,P0469,8595.59,31/03/2024,Pending,Yes,13/06/2023
CL0470,P0470,67498.08,15/10/2023,Pending,Yes,09/07/2023
CL0471,P0471,106293.96,13/10/2024,Approved,No,26/10/2023
CL0472,P0472,13608.94,17/09/2023,Approved,No,24/08/2023
CL0473,P0473,3392.66,08/04/2024,Rejected,No,20/02/2024
CL0474,P0474,71237.01,21/01/2022,Approved,No,04/04/2025
CL0475,P0475,8347.14,28/11/2020,Pending,Yes,25/01/2024
CL0476,P0476,65308.87,22/01/2022,Approved,No,23/10/2024
CL0477,P0477,28156.75,15/10/2023,Rejected,No,05/05/2025
CL0478,P0478,31124.44,22/10/2020,Approved,No,23/12/2024
CL0479,P0479,5790.12,11/09/2023,Pending,Yes,10/07/2024
CL0480,P0480,17367.07,24/04/2025,Rejected,No,09/08/2023
CL0481,P0481,165714.88,16/08/2023,Rejected,No,30/11/2023
CL0482,P0482,15030.78,19/05/2025,Approved,No,28/10/2023
CL0483,P0483,27418.68,27/03/2023,Pending,Yes,10/05/2024
CL0484,P0484,32672.74,29/10/2023,Rejected,No,22/06/2024
CL0485,P0485,15092.6,12/05/2023,Approved,No,22/02/2024
CL0486,P0486,14773.79,04/02/2025,Pending,Yes,11/12/2024
CL0487,P0487,40168.76,23/05/2023,Approved,No,27/09/2023
CL0488,P0488,19348.99,02/08/2024,Rejected,No,24/02/2024
CL0489,P0489,36551.89,20/09/2022,Pending,Yes,29/06/2024
CL0490,P0490,47656.17,09/07/2023,Rejected,No,14/08/2023
CL0491,P0491,32438.26,31/05/2024,Pending,Yes,16/11/2024
CL0492,P0492,7762.55,16/09/2021,Rejected,No,08/10/2024
CL0493,P0493,28261.43,04/03/2024,Approved,No,12/09/2024
CL0494,P0494,90770.24,16/10/2023,Rejected,No,19/06/2023
CL0495,P0495,13058.83,01/12/2024,Pending,Yes,05/12/2023
CL0496,P0496,80689.31,15/06/2023,Approved,No,14/08/2023
CL0497,P0497,31451.92,10/11/2022,Approved,No,18/02/2025
CL0498,P0498,156784.43,08/05/2025,Rejected,No,19/07/2023
CL0499,P0499,71402.55,22/03/2023,Pending,Yes,14/01/2025
CL0500,P0500,22141.89,15/02/2021,Rejected,No,24/01/2024
CL0501,P0501,72727.69,29/06/2024,Rejected,No,30/03/2025
CL0502,P0502,74483.46,02/08/2023,Rejected,No,11/10/2023
CL0503,P0503,29692.37,02/08/2022,Pending,Yes,25/08/2024
CL0504,P0504,99522.25,08/01/2023,Approved,No,31/05/2024
CL0505,P0505,96871.75,19/01/2022,Rejected,No,15/12/2023
CL0506,P0506,138639.64,14/08/2023,Pending,Yes,04/02/2025
CL0507,P0507,23659.18,15/08/2024,Rejected,No,04/12/2023
CL0508,P0508,34432.1,15/02/2022,Rejected,No,16/04/2024
CL0509,P0509,3739.98,29/01/2024,Approved,No,07/11/2024
CL0510,P0510,94876.84,25/04/2023,Rejected,No,30/04/2024
CL0511,P0511,41615.58,08/04/2022,Rejected,No,05/05/2024
CL0512,P0512,12300.71,13/09/2024,Rejected,No,02/08/2023
CL0513,P0513,2331.85,20/06/2022,Approved,No,19/06/2024
CL0514,P0514,23113.93,30/06/2024,Rejected,No,19/06/2023
CL0515,P0515,110349.98,02/06/2022,Pending,Yes,23/09/2024
CL0516,P0516,36808.87,17/04/2023,Rejected,No,23/12/2023
CL0517,P0517,6632.89,11/02/2023,Pending,Yes,04/01/2025
CL0518,P0518,38650.38,05/08/2024,Pending,Yes,03/12/2023
CL0519,P0519,52546.01,01/10/2022,Pending,Yes,04/09/2024
CL0520,P0520,36231.56,10/08/2023,Pending,Yes,17/02/2024
CL0521,P0521,10036.83,25/01/2025,Rejected,No,27/04/2024
CL0522,P0522,48588.97,16/04/2024,Pending,Yes,08/09/2024
CL0523,P0523,124486.07,28/03/2025,Pending,Yes,07/06/2024
CL0524,P0524,25562.8,12/04/2025,Approved,No,09/09/2024
CL0525,P0525,28527.63,23/06/2024,Rejected,No,23/03/2024
CL0526,P0526,87536.32,05/09/2024,Approved,No,15/11/2023
CL0527,P0527,79449.13,05/03/2025,Rejected,No,17/05/2024
CL0528,P0528,13525.26,11/07/2024,Rejected,No,03/04/2025
CL0529,P0529,9930.29,06/02/2023,Approved,No,26/11/2024
CL0530,P0530,16127.29,07/10/2023,Rejected,No,19/09/2024
CL0531,P0531,126091.06,26/03/2024,Approved,No,08/10/2024
CL0532,P0532,46684.65,25/01/2022,Pending,Yes,26/03/2025
CL0533,P0533,7609.64,06/06/2023,Pending,Yes,13/11/2023
CL0534,P0534,59867.89,25/01/2024,Rejected,No,16/10/2024
CL0535,P0535,10461.9,03/06/2021,Pending,Yes,12/07/2024
CL0536,P0536,68952.74,27/09/2023,Pending,Yes,28/06/2023
CL0537,P0537,12124.87,08/07/2024,Pending,Yes,16/09/2024
CL0538,P0538,93388.45,10/11/2022,Approved,No,01/03/2025
CL0539,P0539,23256.11,25/07/2022,Rejected,No,15/07/2023
CL0540,P0540,22433.67,01/05/2022,Pending,Yes,10/06/2023
CL0541,P0541,101574.11,31/03/2024,Approved,No,28/04/2025
CL0542,P0542,98367.88,19/06/2024,Rejected,No,09/02/2025
CL0543,P0543,75386.27,08/11/2022,Approved,No,10/08/2023
CL0544,P0544,153586.65,08/05/2022,Approved,No,02/01/2025
CL0545,P0545,10106.56,09/03/2024,Pending,Yes,17/03/2025
CL0546,P0546,13092.77,22/05/2025,Rejected,No,15/10/2024
CL0547,P0547,37746.67,19/05/2024,Approved,No,11/01/2025
CL0548,P0548,114207.08,09/01/2023,Pending,Yes,20/10/2024
CL0549,P0549,99799.35,28/08/2024,Pending,Yes,08/11/2023
CL0550,P0550,29553.92,12/04/2024,Pending,Yes,18/10/2023
CL0551,P0551,63649.14,01/10/2021,Rejected,No,26/04/2025
CL0552,P0552,12094.41,11/06/2024,Approved,No,24/06/2024
CL0553,P0553,42341.46,01/02/2023,Approved,No,12/02/2025
CL0554,P0554,58511.26,21/03/2023,Rejected,No,31/05/2023
CL0555,P0555,37074.78,08/01/2024,Rejected,No,09/11/2024
CL0556,P0556,14421.65,17/11/2021,Rejected,No,30/01/2025
CL0557,P0557,34132.41,31/08/2023,Approved,No,28/06/2023
CL0558,P0558,159036.16,24/08/2024,Rejected,No,29/12/2023
CL0559,P0559,125920.02,18/02/2025,Pending,Yes,11/04/2024
CL0560,P0560,168692.24,15/07/2023,Approved,No,10/10/2024
CL0561,P0561,109961.49,05/04/2023,Approved,No,25/07/2024
CL0562,P0562,119656.25,23/10/2023,Rejected,No,31/12/2023
CL0563,P0563,5809.17,29/06/2024,Rejected,No,30/10/2023
CL0564,P0564,49059,26/02/2023,Rejected,No,04/11/2024
CL0565,P0565,6272.44,24/05/2024,Pending,Yes,20/04/2024
CL0566,P0566,135537.41,13/01/2024,Rejected,No,09/04/2025
CL0567,P0567,4736.65,25/01/2023,Approved,No,15/12/2024
CL0568,P0568,22185.14,04/02/2024,Pending,Yes,12/10/2024
CL0569,P0569,41157.75,19/06/2024,Pending,Yes,22/06/2024
CL0570,P0570,23071.94,14/11/2023,Rejected,No,24/04/2025
CL0571,P0571,13609.95,28/10/2024,Pending,Yes,13/10/2024
CL0572,P0572,100855.35,19/11/2024,Rejected,No,26/12/2023
CL0573,P0573,23511.1,27/06/2023,Approved,No,12/02/2025
CL0574,P0574,65944.76,04/02/2024,Rejected,No,22/06/2023
CL0575,P0575,11197.29,02/09/2024,Pending,Yes,23/05/2024
CL0576,P0576,23466.54,03/11/2024,Approved,No,30/10/2024
CL0577,P0577,11401.62,06/10/2022,Pending,Yes,12/10/2023
CL0578,P0578,101389.55,22/08/2023,Approved,No,18/09/2023
CL0579,P0579,65767.27,01/09/2024,Pending,Yes,14/03/2025
CL0580,P0580,112282.96,09/11/2021,Pending,Yes,04/02/2024
CL0581,P0581,112115.92,04/01/2024,Rejected,No,23/02/2024
CL0582,P0582,37608.74,04/09/2024,Approved,No,09/04/2025
CL0583,P0583,59133.93,25/06/2024,Rejected,No,06/06/2023
CL0584,P0584,51923.2,07/05/2024,Rejected,No,26/05/2023
CL0585,P0585,86129.65,30/09/2021,Pending,Yes,19/11/2023
CL0586,P0586,2436.82,24/08/2023,Rejected,No,03/02/2025
CL0587,P0587,14134.98,04/04/2024,Pending,Yes,12/07/2024
CL0588,P0588,118756.56,19/03/2024,Rejected,No,21/07/2024
CL0589,P0589,1930.94,09/01/2024,Pending,Yes,20/09/2023
CL0590,P0590,2033.01,16/06/2023,Approved,No,16/02/2025
CL0591,P0591,10828.62,18/08/2024,Rejected,No,22/12/2023
CL0592,P0592,26114.04,11/01/2025,Rejected,No,30/08/2023
CL0593,P0593,161391.6,21/02/2025,Approved,No,27/12/2023
CL0594,P0594,68377.79,11/11/2024,Pending,Yes,01/08/2023
CL0595,P0595,18991.34,14/05/2025,Approved,No,23/04/2025
CL0596,P0596,25637.36,25/03/2024,Pending,Yes,05/01/2025
CL0597,P0597,18350.13,21/03/2024,Rejected,No,17/08/2023
CL0598,P0598,138213.48,10/05/2024,Approved,No,01/05/2025
CL0599,P0599,11155.02,02/11/2023,Approved,No,26/03/2025
CL0600,P0600,65279,23/09/2024,Approved,No,19/05/2023
CL0601,P0601,55061.07,20/03/2024,Pending,Yes,27/05/2023
CL0602,P0602,1425.7,28/04/2023,Pending,Yes,02/10/2024
CL0603,P0603,37589.65,05/01/2025,Approved,No,16/07/2023
CL0604,P0604,68594.06,04/08/2023,Rejected,No,16/04/2025
CL0605,P0605,36807.08,21/11/2021,Approved,No,03/09/2023
CL0606,P0606,109990.28,07/05/2025,Pending,Yes,13/06/2024
CL0607,P0607,81724.83,11/07/2024,Approved,No,16/11/2023
CL0608,P0608,20571.67,03/07/2024,Approved,No,10/07/2024
CL0609,P0609,27603.95,01/06/2022,Rejected,No,29/11/2024
CL0610,P0610,131363.66,22/11/2024,Pending,Yes,12/11/2023
CL0611,P0611,47852.49,04/09/2024,Rejected,No,23/05/2023
CL0612,P0612,46777.14,11/11/2024,Pending,Yes,27/09/2024
CL0613,P0613,43645.64,13/12/2024,Pending,Yes,24/03/2024
CL0614,P0614,20671.5,06/07/2024,Approved,No,21/11/2023
CL0615,P0615,88067.26,09/07/2024,Pending,Yes,10/12/2024
CL0616,P0616,27904.09,03/04/2024,Rejected,No,08/06/2024
CL0617,P0617,32548.5,05/11/2022,Pending,Yes,31/07/2023
CL0618,P0618,64320.06,13/12/2023,Approved,No,08/01/2025
CL0619,P0619,45097.24,17/02/2023,Rejected,No,25/11/2024
CL0620,P0620,29498.69,31/03/2024,Approved,No,02/03/2024
CL0621,P0621,107869.02,04/03/2024,Rejected,No,24/01/2024
CL0622,P0622,34360.12,11/04/2024,Approved,No,12/06/2023
CL0623,P0623,4687.87,07/07/2024,Pending,Yes,02/03/2025
CL0624,P0624,44642.32,16/12/2022,Rejected,No,29/06/2023
CL0625,P0625,36741.91,28/01/2023,Pending,Yes,07/06/2024
CL0626,P0626,58294,11/07/2024,Pending,Yes,23/01/2024
CL0627,P0627,17645.18,08/11/2021,Pending,Yes,24/10/2023
CL0628,P0628,19126,11/10/2023,Approved,No,15/09/2024
CL0629,P0629,26732.13,01/12/2023,Rejected,No,25/10/2023
CL0630,P0630,154333.36,03/12/2024,Pending,Yes,21/07/2024
CL0631,P0631,23818.17,06/12/2024,Approved,No,27/04/2025
CL0632,P0632,8760.9,06/09/2023,Approved,No,18/12/2024
CL0633,P0633,25920.92,27/07/2022,Approved,No,12/03/2025
CL0634,P0634,112815.3,08/02/2023,Pending,Yes,11/01/2024
CL0635,P0635,52221.28,25/01/2025,Pending,Yes,06/12/2024
CL0636,P0636,15028.77,16/09/2023,Pending,Yes,26/01/2025
CL0637,P0637,74870.28,02/01/2022,Rejected,No,07/10/2023
CL0638,P0638,50870.43,03/03/2022,Approved,No,27/02/2024
CL0639,P0639,182237.02,01/01/2025,Rejected,No,05/05/2024
CL0640,P0640,113460.51,26/05/2024,Rejected,No,08/03/2025
CL0641,P0641,120891.33,12/02/2025,Approved,No,06/03/2025
CL0642,P0642,50126.79,01/08/2021,Pending,Yes,18/03/2025
CL0643,P0643,75879.86,01/01/2025,Rejected,No,14/12/2024
CL0644,P0644,6937.6,27/07/2023,Rejected,No,11/11/2023
CL0645,P0645,31643.05,24/08/2023,Pending,Yes,21/08/2023
CL0646,P0646,85340.37,13/08/2022,Pending,Yes,29/03/2025
CL0647,P0647,30775.93,27/10/2023,Rejected,No,17/01/2025
CL0648,P0648,32149.93,07/08/2024,Approved,No,25/09/2023
CL0649,P0649,60035.65,21/03/2024,Pending,Yes,27/12/2023
CL0650,P0650,22215.16,21/06/2023,Pending,Yes,07/10/2024
CL0651,P0651,36492.27,02/08/2023,Approved,No,12/09/2023
CL0652,P0652,121048.52,20/10/2021,Pending,Yes,28/02/2024
CL0653,P0653,38575.03,17/08/2024,Rejected,No,19/03/2025
CL0654,P0654,31703.22,02/12/2023,Pending,Yes,16/01/2024
CL0655,P0655,139348.16,17/04/2023,Approved,No,10/02/2024
CL0656,P0656,24535.66,31/01/2022,Pending,Yes,15/12/2023
CL0657,P0657,152251.21,07/05/2024,Approved,No,05/12/2024
CL0658,P0658,25167.54,15/03/2022,Rejected,No,18/10/2023
CL0659,P0659,18271.23,04/11/2021,Pending,Yes,29/04/2024
CL0660,P0660,32271.93,08/11/2023,Approved,No,07/10/2024
CL0661,P0661,29069.11,14/12/2022,Pending,Yes,02/02/2024
CL0662,P0662,15157.49,11/05/2024,Pending,Yes,28/02/2024
CL0663,P0663,41268.05,23/06/2022,Rejected,No,21/02/2024
CL0664,P0664,30575.82,05/05/2024,Rejected,No,17/09/2024
CL0665,P0665,125783.85,13/11/2024,Pending,Yes,14/05/2023
CL0666,P0666,12135.99,25/04/2023,Pending,Yes,25/02/2024
CL0667,P0667,5938.73,13/08/2022,Rejected,No,23/11/2023
CL0668,P0668,2007.91,08/05/2024,Pending,Yes,26/06/2023
CL0669,P0669,17559.43,15/08/2024,Approved,No,12/03/2024
CL0670,P0670,30243.36,16/08/2022,Rejected,No,08/03/2024
CL0671,P0671,6968.42,20/10/2023,Pending,Yes,18/09/2024
CL0672,P0672,86680.94,28/02/2021,Pending,Yes,04/08/2024
CL0673,P0673,63517.3,02/02/2024,Pending,Yes,04/04/2025
CL0674,P0674,46758.29,10/01/2024,Pending,Yes,06/07/2024
CL0675,P0675,93465.58,03/10/2022,Approved,No,14/08/2024
CL0676,P0676,160207.73,19/05/2024,Pending,Yes,06/06/2024
CL0677,P0677,87639.32,15/01/2024,Approved,No,16/03/2025
CL0678,P0678,4814.11,30/10/2024,Rejected,No,15/02/2024
CL0679,P0679,3386.53,05/09/2023,Pending,Yes,24/07/2023
CL0680,P0680,14158.67,27/08/2023,Pending,Yes,29/11/2023
CL0681,P0681,49524.21,01/06/2025,Rejected,No,27/12/2023
CL0682,P0682,41468.29,20/06/2025,Approved,No,14/08/2023
CL0683,P0683,11065.14,05/10/2023,Rejected,No,28/05/2024
CL0684,P0684,4461.44,31/08/2024,Pending,Yes,16/01/2025
CL0685,P0685,3585.83,25/01/2024,Rejected,No,09/04/2024
CL0686,P0686,41039.27,01/01/2024,Rejected,No,28/09/2023
CL0687,P0687,77001.31,20/12/2021,Pending,Yes,16/04/2024
CL0688,P0688,9083.2,25/02/2022,Pending,Yes,24/04/2025
CL0689,P0689,29422.9,06/01/2023,Rejected,No,05/12/2023
CL0690,P0690,38468.3,13/08/2024,Rejected,No,09/05/2024
CL0691,P0691,23831.43,02/07/2024,Pending,Yes,01/03/2024
CL0692,P0692,103040.61,07/08/2023,Pending,Yes,15/07/2023
CL0693,P0693,68834.74,16/12/2021,Rejected,No,16/02/2024
CL0694,P0694,17262.48,06/02/2024,Pending,Yes,20/06/2023
CL0695,P0695,3671.03,11/05/2024,Rejected,No,04/02/2025
CL0696,P0696,97233.71,04/02/2023,Pending,Yes,14/01/2025
CL0697,P0697,144788.7,06/12/2023,Approved,No,18/10/2024
CL0698,P0698,82368.65,09/05/2025,Approved,No,30/09/2023
CL0699,P0699,7911.4,26/08/2024,Rejected,No,22/06/2024
CL0700,P0700,3183.52,11/09/2021,Pending,Yes,17/11/2024
CL0701,P0701,80896.96,07/11/2023,Approved,No,19/01/2025
CL0702,P0702,90166.59,20/05/2023,Rejected,No,02/03/2024
CL0703,P0703,66992.91,03/07/2024,Pending,Yes,18/07/2023
CL0704,P0704,15315.16,05/04/2022,Rejected,No,08/01/2025
CL0705,P0705,4052.1,02/02/2023,Pending,Yes,23/08/2024
CL0706,P0706,52750,21/12/2024,Rejected,No,16/11/2024
CL0707,P0707,7190.98,11/12/2023,Pending,Yes,28/10/2023
CL0708,P0708,2476.05,09/07/2024,Rejected,No,02/06/2023
CL0709,P0709,196370.53,28/06/2023,Approved,No,03/08/2023
CL0710,P0710,13630.6,05/11/2022,Rejected,No,08/06/2024
CL0711,P0711,30321.55,12/06/2023,Rejected,No,25/03/2025
CL0712,P0712,16531.15,23/06/2024,Approved,No,24/07/2023
CL0713,P0713,8307.45,08/05/2024,Rejected,No,20/04/2024
CL0714,P0714,12740.08,11/04/2023,Rejected,No,16/09/2024
CL0715,P0715,110839.14,17/12/2023,Pending,Yes,11/04/2024
CL0716,P0716,23550.02,31/08/2024,Pending,Yes,13/12/2023
CL0717,P0717,61500.61,02/08/2022,Pending,Yes,22/05/2023
CL0718,P0718,51567.21,13/05/2023,Rejected,No,19/09/2023
CL0719,P0719,19706.74,28/08/2024,Approved,No,23/05/2024
CL0720,P0720,22625.63,28/04/2022,Pending,Yes,17/06/2023
CL0721,P0721,12019.04,21/05/2023,Rejected,No,06/07/2023
CL0722,P0722,16611.06,07/04/2025,Pending,Yes,16/07/2024
CL0723,P0723,148634.81,07/09/2022,Rejected,No,03/07/2024
CL0724,P0724,13022.97,23/05/2023,Rejected,No,31/08/2024
CL0725,P0725,13399.05,27/09/2024,Rejected,No,03/07/2024
CL0726,P0726,31302.48,12/01/2023,Approved,No,19/06/2023
CL0727,P0727,55647.1,12/01/2025,Rejected,No,23/12/2023
CL0728,P0728,4822.93,25/06/2023,Pending,Yes,23/10/2023
CL0729,P0729,57882.42,28/04/2024,Approved,No,01/07/2023
CL0730,P0730,3301.06,04/09/2023,Rejected,No,07/02/2024
CL0731,P0731,37029.31,22/04/2022,Approved,No,29/04/2024
CL0732,P0732,13051.01,31/01/2024,Rejected,No,25/11/2024
CL0733,P0733,22355.65,06/07/2023,Approved,No,08/04/2025
CL0734,P0734,103228.82,17/09/2023,Pending,Yes,04/06/2024
CL0735,P0735,49540.24,01/05/2024,Pending,Yes,07/12/2023
CL0736,P0736,3079.98,16/02/2025,Rejected,No,18/03/2025
CL0737,P0737,137680.85,20/04/2024,Approved,No,25/05/2024
CL0738,P0738,26156.61,05/03/2023,Rejected,No,17/08/2024
CL0739,P0739,94606.73,12/09/2022,Pending,Yes,05/05/2024
CL0740,P0740,41266.08,20/03/2024,Approved,No,19/01/2024
CL0741,P0741,6788.59,14/06/2023,Pending,Yes,03/02/2024
CL0742,P0742,17668.98,09/03/2023,Rejected,No,10/05/2023
CL0743,P0743,7219.92,18/01/2024,Pending,Yes,18/06/2024
CL0744,P0744,4336.86,05/06/2021,Pending,Yes,11/07/2024
CL0745,P0745,25419.01,20/03/2023,Rejected,No,21/08/2024
CL0746,P0746,63699.12,29/01/2024,Rejected,No,13/03/2025
CL0747,P0747,16932.73,08/04/2024,Pending,Yes,25/07/2024
CL0748,P0748,70466.78,01/12/2024,Pending,Yes,27/07/2024
CL0749,P0749,4230.42,16/03/2024,Rejected,No,21/01/2024
CL0750,P0750,50786.82,25/04/2023,Rejected,No,25/10/2024
CL0751,P0751,109927.04,24/02/2025,Approved,No,16/11/2023
CL0752,P0752,12755.93,27/10/2023,Rejected,No,27/11/2023
CL0753,P0753,8857.9,14/05/2024,Pending,Yes,25/09/2023
CL0754,P0754,95498.71,02/11/2022,Approved,No,27/02/2024
CL0755,P0755,22642.04,26/08/2024,Pending,Yes,06/11/2023
CL0756,P0756,35786.67,14/11/2021,Approved,No,20/10/2024
CL0757,P0757,3817.37,08/12/2022,Rejected,No,01/04/2025
CL0758,P0758,76198.74,25/10/2022,Approved,No,29/12/2023
CL0759,P0759,50959.71,20/01/2023,Approved,No,13/01/2025
CL0760,P0760,134744.67,30/10/2024,Pending,Yes,22/10/2023
CL0761,P0761,56808.41,14/03/2024,Approved,No,20/12/2024
CL0762,P0762,8379.86,22/07/2024,Pending,Yes,12/08/2024
CL0763,P0763,29084.08,05/06/2023,Pending,Yes,18/05/2023
CL0764,P0764,154739.48,20/02/2023,Rejected,No,16/06/2023
CL0765,P0765,26231.13,12/08/2024,Pending,Yes,29/06/2023
CL0766,P0766,184645.49,09/01/2025,Approved,No,06/12/2023
CL0767,P0767,120919.89,03/10/2021,Approved,No,01/02/2025
CL0768,P0768,164988.06,23/04/2023,Approved,No,22/07/2024
CL0769,P0769,61001.4,16/04/2025,Pending,Yes,14/06/2023
CL0770,P0770,5881.48,10/10/2022,Approved,No,23/02/2024
CL0771,P0771,66342.41,23/04/2024,Rejected,No,12/10/2023
CL0772,P0772,6781.65,01/03/2025,Pending,Yes,01/11/2024
CL0773,P0773,179304.36,28/04/2023,Rejected,No,17/01/2025
CL0774,P0774,54105.68,04/03/2022,Approved,No,08/02/2025
CL0775,P0775,49946.97,17/10/2024,Rejected,No,07/02/2025
CL0776,P0776,30650.12,19/01/2022,Pending,Yes,15/07/2024
CL0777,P0777,100794.75,07/07/2024,Approved,No,08/07/2023
CL0778,P0778,46834.77,01/11/2021,Pending,Yes,06/01/2025
CL0779,P0779,60857.6,14/01/2023,Approved,No,11/07/2023
CL0780,P0780,27765.15,23/09/2023,Rejected,No,14/09/2023
CL0781,P0781,89780.07,30/06/2022,Pending,Yes,12/02/2024
CL0782,P0782,70788.23,04/02/2025,Rejected,No,21/02/2025
CL0783,P0783,12246.3,25/12/2024,Rejected,No,15/12/2024
CL0784,P0784,11188.32,02/05/2025,Rejected,No,01/06/2024
CL0785,P0785,112787.5,10/02/2024,Rejected,No,11/07/2023
CL0786,P0786,16646.5,12/04/2023,Pending,Yes,17/11/2024
CL0787,P0787,149012.52,10/08/2022,Approved,No,12/06/2024
CL0788,P0788,98142.85,16/07/2021,Approved,No,29/10/2023
CL0789,P0789,161309.47,30/06/2023,Pending,Yes,03/10/2024
CL0790,P0790,43940.34,08/11/2024,Approved,No,09/05/2023
CL0791,P0791,38270.63,13/05/2021,Approved,No,05/12/2023
CL0792,P0792,31988.58,11/02/2023,Rejected,No,26/01/2025
CL0793,P0793,10600.98,05/03/2022,Pending,Yes,21/02/2025
CL0794,P0794,42095.58,22/07/2023,Rejected,No,08/09/2023
CL0795,P0795,5732.67,09/01/2022,Approved,No,20/08/2023
CL0796,P0796,69805.95,26/07/2023,Pending,Yes,01/11/2024
CL0797,P0797,16889.84,13/11/2024,Rejected,No,06/09/2024
CL0798,P0798,27301.75,06/05/2024,Rejected,No,20/05/2023
CL0799,P0799,78994.07,11/09/2022,Pending,Yes,24/12/2023
CL0800,P0800,10071.57,30/09/2024,Pending,Yes,03/10/2023
CL0801,P0801,13857.65,07/01/2023,Pending,Yes,09/09/2023
CL0802,P0802,35483.57,13/03/2024,Approved,No,03/04/2025
CL0803,P0803,7902.94,10/10/2023,Pending,Yes,17/12/2023
CL0804,P0804,45596.37,31/05/2025,Approved,No,07/06/2023
CL0805,P0805,12523.37,09/03/2023,Rejected,No,24/04/2025
CL0806,P0806,5432.33,14/10/2021,Pending,Yes,28/05/2023
CL0807,P0807,32230.07,22/05/2024,Rejected,No,02/01/2025
CL0808,P0808,89307.14,08/12/2023,Rejected,No,09/03/2024
CL0809,P0809,53114.3,21/02/2025,Pending,Yes,06/09/2024
CL0810,P0810,7618.77,19/04/2023,Pending,Yes,09/01/2025
CL0811,P0811,109220.89,22/02/2024,Pending,Yes,15/04/2024
CL0812,P0812,92384.79,26/03/2024,Pending,Yes,15/07/2024
CL0813,P0813,27926.49,06/04/2025,Approved,No,22/07/2024
CL0814,P0814,2900.6,16/04/2024,Rejected,No,14/02/2024
CL0815,P0815,12783.17,25/09/2022,Pending,Yes,20/11/2024
CL0816,P0816,152101.24,17/12/2022,Approved,No,18/06/2024
CL0817,P0817,76338.63,28/01/2022,Pending,Yes,31/10/2023
CL0818,P0818,43547.76,29/08/2021,Pending,Yes,31/03/2024
CL0819,P0819,18113.57,06/02/2023,Rejected,No,06/11/2023
CL0820,P0820,52943.41,18/01/2024,Pending,Yes,26/08/2024
CL0821,P0821,28927.02,19/07/2023,Rejected,No,22/09/2024
CL0822,P0822,4435.46,03/02/2023,Pending,Yes,17/09/2024
CL0823,P0823,91812.48,18/08/2024,Rejected,No,09/09/2024
CL0824,P0824,46854.67,22/08/2021,Pending,Yes,30/05/2023
CL0825,P0825,7692.12,25/06/2022,Pending,Yes,09/03/2025
CL0826,P0826,105413.34,24/12/2023,Rejected,No,03/09/2023
CL0827,P0827,78089.5,03/12/2023,Approved,No,28/02/2024
CL0828,P0828,82732.87,12/04/2021,Approved,No,30/08/2024
CL0829,P0829,137949.65,18/11/2023,Pending,Yes,17/06/2023
CL0830,P0830,52120.3,25/12/2023,Rejected,No,15/06/2023
CL0831,P0831,3155.88,30/12/2023,Approved,No,31/10/2024
CL0832,P0832,6537.12,16/03/2024,Approved,No,15/03/2025
CL0833,P0833,126098.75,05/04/2024,Rejected,No,08/12/2024
CL0834,P0834,4441.99,28/02/2023,Approved,No,18/06/2024
CL0835,P0835,92659.69,23/05/2025,Pending,Yes,18/07/2024
CL0836,P0836,12175.64,15/10/2024,Pending,Yes,17/09/2023
CL0837,P0837,50624.79,24/02/2024,Pending,Yes,20/04/2024
CL0838,P0838,36627.54,08/12/2021,Pending,Yes,30/05/2023
CL0839,P0839,38788.32,11/11/2020,Pending,Yes,30/04/2024
CL0840,P0840,111808.35,04/06/2024,Pending,Yes,06/11/2024
CL0841,P0841,171778.7,12/07/2024,Rejected,No,29/11/2023
CL0842,P0842,22780.56,24/08/2023,Rejected,No,25/11/2023
CL0843,P0843,45855.57,03/11/2023,Pending,Yes,27/09/2023
CL0844,P0844,75601.63,14/11/2024,Pending,Yes,26/04/2025
CL0845,P0845,39168.22,15/01/2022,Pending,Yes,05/02/2024
CL0846,P0846,28185.98,19/10/2023,Pending,Yes,05/11/2024
CL0847,P0847,62499.84,15/12/2023,Approved,No,12/01/2025
CL0848,P0848,15527.85,08/05/2021,Pending,Yes,23/07/2023
CL0849,P0849,84839.73,27/02/2024,Approved,No,29/06/2023
CL0850,P0850,27045.41,01/08/2024,Pending,Yes,05/07/2024
CL0851,P0851,7029.44,05/08/2022,Pending,Yes,09/11/2023
CL0852,P0852,94775.47,30/12/2024,Approved,No,25/12/2023
CL0853,P0853,6116.26,12/06/2024,Approved,No,27/09/2023
CL0854,P0854,7574.04,13/02/2022,Approved,No,02/08/2024
CL0855,P0855,63056.91,11/10/2023,Approved,No,30/04/2025
CL0856,P0856,64771.39,17/11/2022,Pending,Yes,22/01/2024
CL0857,P0857,6631.9,19/01/2024,Rejected,No,19/11/2023
CL0858,P0858,145254.96,06/08/2024,Pending,Yes,10/05/2024
CL0859,P0859,97718.25,11/04/2025,Rejected,No,11/11/2023
CL0860,P0860,9428.77,16/12/2021,Pending,Yes,11/04/2025
CL0861,P0861,95502.51,29/12/2020,Approved,No,12/05/2023
CL0862,P0862,69098.17,04/08/2024,Rejected,No,21/12/2023
CL0863,P0863,74221.87,28/05/2023,Rejected,No,02/05/2024
CL0864,P0864,7673.85,16/10/2023,Pending,Yes,01/04/2024
CL0865,P0865,54850.49,07/05/2022,Rejected,No,04/05/2024
CL0866,P0866,28303.63,02/04/2025,Pending,Yes,01/02/2024
CL0867,P0867,50321.53,15/04/2025,Pending,Yes,31/03/2025
CL0868,P0868,52687.84,22/02/2024,Rejected,No,26/02/2025
CL0869,P0869,131053.17,23/03/2022,Pending,Yes,22/03/2024
CL0870,P0870,174332.67,14/10/2024,Rejected,No,11/05/2023
CL0871,P0871,106720.35,13/03/2024,Pending,Yes,29/07/2024
CL0872,P0872,27506.34,05/06/2024,Rejected,No,27/12/2023
CL0873,P0873,52563.42,11/09/2024,Rejected,No,10/07/2023
CL0874,P0874,33324.52,11/11/2021,Rejected,No,31/07/2024
CL0875,P0875,5488.25,02/03/2023,Approved,No,29/01/2024
CL0876,P0876,1659.87,06/09/2023,Approved,No,01/04/2025
CL0877,P0877,107878.62,31/05/2024,Approved,No,01/09/2024
CL0878,P0878,108026.34,10/09/2024,Approved,No,14/02/2024
CL0879,P0879,5331.48,16/10/2024,Pending,Yes,09/03/2025
CL0880,P0880,66887.02,01/12/2020,Approved,No,06/04/2025
CL0881,P0881,42104.08,19/06/2023,Rejected,No,22/10/2024
CL0882,P0882,4476.02,15/11/2023,Rejected,No,02/07/2023
CL0883,P0883,8975.1,26/12/2024,Pending,Yes,23/07/2023
CL0884,P0884,56272.74,12/02/2024,Approved,No,11/12/2023
CL0885,P0885,16610.54,11/08/2021,Rejected,No,24/08/2024
CL0886,P0886,5090.33,05/07/2024,Pending,Yes,06/04/2024
CL0887,P0887,3567.1,25/11/2024,Pending,Yes,30/12/2024
CL0888,P0888,29860.26,21/04/2023,Pending,Yes,26/04/2024
CL0889,P0889,7565.51,17/07/2023,Rejected,No,15/07/2023
CL0890,P0890,32484.82,24/02/2024,Approved,No,01/09/2023
CL0891,P0891,7533.83,18/11/2024,Pending,Yes,07/05/2024
CL0892,P0892,85176.34,14/06/2024,Rejected,No,11/12/2024
CL0893,P0893,35897.78,18/08/2022,Pending,Yes,16/10/2023
CL0894,P0894,49501.92,15/02/2024,Approved,No,24/12/2023
CL0895,P0895,124716.82,18/07/2024,Rejected,No,06/03/2024
CL0896,P0896,127010.29,05/01/2025,Pending,Yes,28/08/2023
CL0897,P0897,15940.5,29/06/2024,Pending,Yes,14/07/2023
CL0898,P0898,26523.9,26/02/2024,Approved,No,12/10/2023
CL0899,P0899,32915.71,24/12/2023,Pending,Yes,19/05/2024
CL0900,P0900,12188.61,01/04/2023,Rejected,No,02/02/2024
CL0901,P0901,67786.9,08/12/2022,Pending,Yes,28/03/2024
CL0902,P0902,13902.15,13/05/2025,Pending,Yes,08/11/2024
CL0903,P0903,77206.69,18/01/2024,Approved,No,01/01/2024
CL0904,P0904,82710.49,28/11/2024,Rejected,No,03/10/2023
CL0905,P0905,148454.53,23/01/2025,Pending,Yes,23/02/2025
CL0906,P0906,78626.39,24/12/2022,Rejected,No,23/12/2024
CL0907,P0907,8944.03,14/07/2022,Rejected,No,21/04/2024
CL0908,P0908,98948.25,04/06/2025,Rejected,No,17/03/2025
CL0909,P0909,10214.97,12/04/2021,Pending,Yes,17/04/2024
CL0910,P0910,7998.92,16/06/2022,Rejected,No,06/12/2023
CL0911,P0911,98090.44,10/09/2023,Approved,No,03/08/2024
CL0912,P0912,54784.06,15/12/2024,Approved,No,23/03/2025
CL0913,P0913,80387.75,17/12/2023,Approved,No,29/05/2024
CL0914,P0914,19907.72,03/01/2024,Approved,No,11/04/2024
CL0915,P0915,38514.12,01/09/2023,Pending,Yes,18/02/2024
CL0916,P0916,48508.72,16/05/2024,Pending,Yes,02/05/2025
CL0917,P0917,29457.16,21/11/2024,Pending,Yes,13/04/2025
CL0918,P0918,62321.09,28/12/2022,Rejected,No,19/08/2023
CL0919,P0919,74161.42,28/04/2024,Approved,No,26/10/2023
CL0920,P0920,5197.94,22/10/2023,Pending,Yes,20/01/2024
CL0921,P0921,7064.29,04/06/2024,Pending,Yes,18/06/2023
CL0922,P0922,42839.61,22/03/2021,Approved,No,13/03/2025
CL0923,P0923,26123.64,06/05/2024,Rejected,No,09/05/2024
CL0924,P0924,119409.35,18/10/2023,Approved,No,09/10/2024
CL0925,P0925,9234.65,27/08/2022,Pending,Yes,17/12/2023
CL0926,P0926,3811.03,19/02/2024,Approved,No,15/01/2025
CL0927,P0927,60572.29,02/10/2022,Rejected,No,17/05/2024
CL0928,P0928,36220.86,01/10/2023,Approved,No,24/12/2023
CL0929,P0929,25351.12,05/06/2025,Approved,No,23/10/2024
CL0930,P0930,75021.61,29/03/2023,Rejected,No,15/12/2023
CL0931,P0931,110468.41,05/08/2024,Pending,Yes,29/04/2024
CL0932,P0932,20232.77,08/05/2024,Approved,No,28/04/2025
CL0933,P0933,6482.38,27/05/2024,Pending,Yes,16/08/2023
CL0934,P0934,24731.79,22/01/2024,Approved,No,19/12/2024
CL0935,P0935,156573.02,10/03/2025,Rejected,No,17/12/2024
CL0936,P0936,44879.78,04/11/2023,Pending,Yes,02/05/2024
CL0937,P0937,58321.03,04/04/2024,Pending,Yes,23/03/2025
CL0938,P0938,94108.66,12/05/2025,Pending,Yes,07/07/2024
CL0939,P0939,153960.71,12/01/2024,Rejected,No,03/11/2023
CL0940,P0940,8418.44,22/01/2022,Approved,No,01/06/2024
CL0941,P0941,10358.71,19/10/2022,Pending,Yes,17/08/2023
CL0942,P0942,7723.91,21/06/2023,Pending,Yes,14/03/2024
CL0943,P0943,56854.97,11/08/2023,Pending,Yes,23/01/2024
CL0944,P0944,11147.85,04/02/2024,Pending,Yes,16/08/2023
CL0945,P0945,3474.32,29/11/2021,Rejected,No,20/01/2024
CL0946,P0946,16330.63,07/03/2024,Approved,No,27/06/2023
CL0947,P0947,107054.92,23/01/2025,Rejected,No,03/09/2023
CL0948,P0948,17235.84,07/08/2023,Pending,Yes,25/03/2025
CL0949,P0949,13322.3,20/01/2023,Approved,No,05/05/2024
CL0950,P0950,29977.47,18/02/2022,Rejected,No,06/10/2023
CL0951,P0951,33447.74,02/11/2023,Rejected,No,12/09/2023
CL0952,P0952,16659.08,04/06/2024,Pending,Yes,28/08/2023
CL0953,P0953,42088.46,25/09/2022,Approved,No,19/02/2025
CL0954,P0954,87072.23,28/11/2023,Approved,No,14/07/2023
CL0955,P0955,160219.41,15/04/2023,Pending,Yes,03/10/2023
CL0956,P0956,7786.58,21/09/2022,Pending,Yes,22/09/2024
CL0957,P0957,8092.39,25/10/2023,Pending,Yes,08/05/2023
CL0958,P0958,37484.48,01/03/2023,Pending,Yes,07/04/2024
CL0959,P0959,41251.08,28/01/2024,Pending,Yes,17/05/2024
CL0960,P0960,12757.11,21/04/2025,Pending,Yes,21/06/2023
CL0961,P0961,40645.05,03/08/2023,Approved,No,17/12/2024
CL0962,P0962,11879.73,12/06/2024,Pending,Yes,07/06/2023
CL0963,P0963,65793.12,18/03/2022,Pending,Yes,09/06/2023
CL0964,P0964,27522.27,28/11/2023,Rejected,No,14/05/2023
CL0965,P0965,31924.52,28/01/2023,Rejected,No,14/04/2025
CL0966,P0966,19890.09,08/07/2022,Pending,Yes,02/02/2024
CL0967,P0967,40444.47,06/12/2023,Approved,No,29/03/2024
CL0968,P0968,165683.58,15/12/2024,Approved,No,18/05/2024
CL0969,P0969,131145.77,16/06/2025,Approved,No,10/09/2023
CL0970,P0970,54360.83,27/04/2023,Rejected,No,12/05/2023
CL0971,P0971,43365.56,02/11/2023,Pending,Yes,11/07/2023
CL0972,P0972,9787.1,12/06/2024,Rejected,No,11/08/2023
CL0973,P0973,5783.55,07/04/2023,Rejected,No,13/04/2024
CL0974,P0974,25394.63,02/04/2024,Approved,No,14/03/2025
CL0975,P0975,111713.81,21/12/2021,Pending,Yes,07/06/2024
CL0976,P0976,4032.48,07/03/2025,Approved,No,18/11/2024
CL0977,P0977,70719,30/03/2024,Pending,Yes,24/01/2024
CL0978,P0978,91775.18,10/01/2025,Pending,Yes,20/08/2024
CL0979,P0979,42201.68,19/06/2024,Approved,No,02/05/2025
CL0980,P0980,148052.26,23/08/2022,Rejected,No,18/06/2023
CL0981,P0981,57194.17,30/12/2023,Rejected,No,16/12/2024
CL0982,P0982,42952.46,16/05/2021,Pending,Yes,30/06/2024
CL0983,P0983,85476.23,29/08/2021,Approved,No,21/10/2024
CL0984,P0984,49149.57,16/02/2023,Approved,No,09/10/2023
CL0985,P0985,5264.49,03/10/2022,Pending,Yes,18/12/2024
CL0986,P0986,31490.82,18/07/2024,Rejected,No,02/10/2024
CL0987,P0987,6685.09,28/02/2025,Rejected,No,24/08/2023
CL0988,P0988,73136.28,19/06/2024,Rejected,No,17/07/2023
CL0989,P0989,12725.73,19/05/2023,Pending,Yes,13/01/2024
CL0990,P0990,888.58,02/08/2023,Approved,No,04/09/2023
CL0991,P0991,154589.65,10/06/2024,Approved,No,17/03/2025
CL0992,P0992,2960.66,14/11/2024,Rejected,No,21/02/2025
CL0993,P0993,39272.69,20/01/2025,Rejected,No,30/12/2023
CL0994,P0994,30176.22,15/08/2024,Approved,No,07/08/2024
CL0995,P0995,13639.65,01/08/2023,Approved,No,21/07/2023
CL0996,P0996,103595.24,25/05/2021,Rejected,No,21/04/2024
CL0997,P0997,25556.48,26/11/2022,Rejected,No,19/12/2023
CL0998,P0998,107019.76,07/03/2024,Approved,No,02/08/2023
CL0999,P0999,12959.26,23/10/2022,Pending,Yes,16/08/2024
CL1000,P1000,12142.85,07/11/2023,Rejected,No,12/05/2024
CL1001,P1028,56513.32,23/05/2024,Approved,No,06/02/2024
CL1002,P1129,91585.93,04/12/2024,Rejected,No,27/07/2024
CL1003,P1130,3060.56,12/04/2022,Approved,No,12/04/2025
CL1004,P1150,4708.53,21/10/2024,Pending,Yes,10/07/2024
CL1005,P1151,26390.06,16/09/2022,Approved,No,05/06/2023
CL1006,P1167,10684.72,03/09/2024,Rejected,No,07/09/2024
CL1007,P1192,38719.49,08/11/2023,Approved,No,24/07/2024
CL1008,P1253,57070.5,16/12/2021,Approved,No,08/08/2023
CL1009,P1259,76434.58,02/08/2024,Pending,Yes,08/08/2024
CL1010,P1289,27376.17,23/03/2024,Rejected,No,22/12/2024
CL1011,P1290,31744.82,02/05/2025,Approved,No,27/09/2024
CL1012,P1349,67525.8,12/01/2024,Pending,Yes,05/06/2024
CL1013,P1349,63725.53,16/11/2024,Rejected,No,08/11/2023
CL1014,P1360,3644.18,07/12/2022,Approved,No,23/03/2025
CL1015,P1376,71891.69,20/11/2022,Pending,Yes,11/11/2024
CL1016,P1391,39508.72,06/10/2023,Pending,Yes,19/07/2023
CL1017,P1397,38612.26,03/03/2025,Pending,Yes,14/02/2024
CL1018,P1439,17607.32,06/03/2025,Rejected,No,22/09/2024
CL1019,P1497,40896.88,27/04/2024,Rejected,No,25/12/2024
CL1020,P1527,62868.44,06/01/2025,Rejected,No,12/04/2024
CL1021,P1531,18871.47,20/12/2021,Rejected,No,30/06/2024
CL1022,P1554,65285.52,24/11/2024,Approved,No,23/06/2024
CL1023,P1608,49066.16,09/02/2024,Pending,Yes,30/11/2023
CL1024,P1631,27086.88,28/05/2025,Pending,Yes,22/05/2024
CL1025,P1648,30354.93,06/10/2023,Rejected,No,17/03/2025
CL1026,P1689,23082.73,03/07/2024,Approved,No,03/12/2024
CL1027,P1757,4961.81,12/02/2025,Rejected,No,05/05/2025
CL1028,P1757,109961.73,05/06/2025,Approved,No,08/08/2024
CL1029,P1759,76728.4,06/09/2024,Pending,Yes,19/05/2024
CL1030,P1775,27575.25,12/01/2025,Pending,Yes,21/05/2024
CL1031,P1793,131197.09,20/06/2025,Pending,Yes,24/01/2025
CL1032,P1816,20689.74,19/02/2022,Rejected,No,14/07/2023
CL1033,P1849,83802.3,14/10/2021,Pending,Yes,13/08/2024
CL1034,P1863,100672.27,16/12/2023,Rejected,No,21/01/2024
CL1035,P1886,80433.5,04/02/2024,Approved,No,23/08/2024
CL1036,P1908,55801.9,24/09/2022,Approved,No,18/01/2025
CL1037,P1919,71526.51,12/06/2025,Pending,Yes,13/06/2023
CL1038,P1923,8193.07,21/01/2022,Pending,Yes,26/10/2024
CL1039,P1929,97765.37,10/11/2023,Pending,Yes,25/03/2025
CL1040,P1961,4968.22,19/05/2025,Pending,Yes,26/06/2023
CL1041,P2000,5097.09,16/11/2023,Rejected,No,16/02/2024
CL1042,P2003,96828.33,04/12/2023,Pending,Yes,06/10/2024
CL1043,P2050,110253.43,18/05/2025,Rejected,No,21/09/2023
CL1044,P2064,71502.45,29/06/2021,Rejected,No,07/01/2024
CL1045,P2106,11456.11,28/10/2021,Rejected,No,29/07/2024
CL1046,P2162,97260.77,04/07/2021,Approved,No,26/08/2024
CL1047,P2198,102475.63,25/11/2024,Approved,No,24/09/2024
CL1048,P2224,6125.52,04/12/2024,Approved,No,06/02/2024
CL1049,P2226,117447.72,13/09/2022,Approved,No,06/06/2023
CL1050,P2273,54059.07,23/01/2023,Pending,Yes,23/01/2025
CL1051,P2361,19918.9,06/10/2023,Approved,No,22/12/2024
CL1052,P2375,16829.25,08/02/2025,Pending,Yes,14/11/2024
CL1053,P2379,17582.69,01/11/2024,Rejected,No,28/05/2024
CL1054,P2418,5188.42,19/07/2023,Rejected,No,29/05/2023
CL1055,P2434,19657.46,19/08/2024,Pending,Yes,09/07/2024
CL1056,P2438,38607.11,28/04/2023,Approved,No,24/09/2024
CL1057,P2441,62898.47,21/11/2024,Rejected,No,30/04/2025
CL1058,P2482,90867.7,08/01/2024,Rejected,No,12/11/2023
CL1059,P2500,37120.18,24/07/2023,Rejected,No,15/05/2024
CL1060,P2513,70472.07,08/08/2024,Approved,No,18/05/2023
CL1061,P2523,5287.08,08/07/2022,Rejected,No,12/04/2024
CL1062,P2527,90304.16,29/03/2023,Rejected,No,25/01/2024
CL1063,P2545,34783.21,14/04/2025,Approved,No,28/01/2024
CL1064,P2545,27682.91,23/01/2023,Pending,Yes,28/07/2023
CL1065,P2577,46375.19,20/03/2025,Pending,Yes,13/05/2024
CL1066,P2579,30611.32,06/01/2025,Approved,No,12/07/2023
CL1067,P2590,46343.17,02/05/2024,Pending,Yes,22/03/2025
CL1068,P2591,47810.28,16/03/2025,Approved,No,09/07/2023
CL1069,P2675,61440.03,20/05/2025,Rejected,No,30/10/2023
CL1070,P2679,13124.95,25/05/2025,Approved,No,21/01/2024
CL1071,P2727,61642.77,19/04/2024,Rejected,No,05/05/2024
CL1072,P2735,118212.01,03/05/2025,Pending,Yes,16/11/2023
CL1073,P2778,28357.89,17/10/2023,Pending,Yes,29/07/2024
CL1074,P2800,2410.78,23/09/2024,Approved,No,17/07/2024
CL1075,P2872,1946.11,06/05/2023,Pending,Yes,04/08/2024
CL1076,P2916,57435.22,26/05/2025,Approved,No,04/06/2023
CL1077,P2965,107859.42,05/06/2024,Pending,Yes,10/08/2024
CL1078,P3038,4881.32,25/12/2024,Approved,No,18/12/2023
CL1079,P3059,21768.77,21/05/2021,Rejected,No,28/11/2023
CL1080,P3060,116070.95,23/11/2021,Approved,No,01/08/2023
CL1081,P3095,49953.92,04/02/2023,Approved,No,25/06/2023
CL1082,P3143,51268.08,17/03/2021,Approved,No,18/10/2023
CL1083,P3165,118175.27,14/08/2020,Rejected,No,28/02/2024
CL1084,P3167,32595.95,03/01/2024,Approved,No,07/10/2024
CL1085,P3170,78069.74,28/08/2023,Pending,Yes,14/03/2024
CL1086,P3172,4323.54,11/11/2024,Approved,No,11/10/2024
CL1087,P3173,138034.91,07/08/2021,Rejected,No,11/04/2025
CL1088,P3176,17160.24,12/07/2024,Rejected,No,26/12/2024
CL1089,P3239,93258.77,18/02/2023,Rejected,No,29/01/2025
CL1090,P3268,48952.78,28/11/2023,Approved,No,16/08/2023
CL1091,P3289,36776.94,28/03/2024,Pending,Yes,28/09/2024
CL1092,P3310,44675.12,31/03/2024,Pending,Yes,26/10/2023
CL1093,P3312,72031.62,16/08/2022,Rejected,No,19/06/2024
CL1094,P3351,8230.49,25/05/2023,Rejected,No,13/02/2024
CL1095,P3358,57483.39,23/01/2022,Pending,Yes,22/02/2025
CL1096,P3362,128702.89,31/03/2024,Pending,Yes,13/07/2024
CL1097,P3423,21074.31,09/02/2025,Approved,No,12/04/2025
CL1098,P3426,147637.3,19/12/2024,Approved,No,11/08/2023
CL1099,P3502,72802.51,17/09/2021,Pending,Yes,15/09/2023
CL1100,P3562,12696.41,02/04/2023,Rejected,No,26/07/2024
CL1101,P3583,34092.37,20/06/2025,Rejected,No,13/04/2024
CL1102,P3609,25166.29,01/01/2024,Approved,No,13/10/2024
CL1103,P3672,101705.74,25/10/2024,Pending,Yes,07/01/2024
CL1104,P3700,43779.71,23/03/2024,Rejected,No,28/08/2024
CL1105,P3716,64056.26,06/12/2020,Approved,No,31/01/2025
CL1106,P3757,24876.86,03/12/2021,Approved,No,30/04/2024
CL1107,P3770,20977.28,12/05/2024,Approved,No,21/02/2024
CL1108,P3817,63765.65,07/06/2023,Approved,No,02/01/2025
CL1109,P3916,7944.87,16/06/2023,Rejected,No,25/01/2024
CL1110,P3953,7747.39,18/04/2025,Rejected,No,28/07/2024
CL1111,P3978,24561.09,04/02/2023,Pending,Yes,27/04/2024
CL1112,P3978,34041.42,07/12/2024,Rejected,No,03/12/2024
CL1113,P3988,16451.28,23/09/2023,Pending,Yes,07/05/2024
CL1114,P3995,21876.51,18/09/2022,Pending,Yes,02/12/2024
CL1115,P4008,22764.06,17/10/2024,Approved,No,13/09/2024
CL1116,P4037,86559.23,12/01/2022,Rejected,No,20/11/2023
CL1117,P4061,37993.4,08/06/2024,Pending,Yes,29/03/2024
CL1118,P4090,120765.92,05/01/2024,Pending,Yes,10/11/2023
CL1119,P4094,104893.54,04/12/2023,Approved,No,23/09/2023
CL1120,P4100,38794.68,18/08/2024,Approved,No,30/06/2023
CL1121,P4113,69177.06,16/01/2024,Approved,No,06/06/2023
CL1122,P4116,13158.59,03/01/2023,Rejected,No,25/09/2024
CL1123,P4132,6315.75,12/06/2025,Rejected,No,08/10/2023
CL1124,P4151,5838.61,09/09/2024,Approved,No,14/11/2023
CL1125,P4154,6443.51,22/07/2023,Pending,Yes,18/09/2023
CL1126,P4170,43342.07,27/03/2025,Rejected,No,07/01/2024
CL1127,P4191,123203.39,04/06/2025,Pending,Yes,06/01/2025
CL1128,P4218,88190.12,20/10/2023,Approved,No,04/03/2024
CL1129,P4268,2461.18,10/03/2022,Rejected,No,05/02/2024
CL1130,P4271,5982.77,22/12/2024,Rejected,No,28/06/2023
CL1131,P4308,130466.98,09/07/2022,Pending,Yes,01/01/2024
CL1132,P4314,52192.73,06/01/2025,Rejected,No,11/09/2024
CL1133,P4315,40530.98,12/02/2025,Approved,No,03/09/2023
CL1134,P4377,4623.37,27/01/2024,Rejected,No,15/09/2024
CL1135,P4438,21168.82,26/03/2025,Approved,No,07/08/2023
CL1136,P4442,63513.53,13/10/2023,Approved,No,10/05/2024
CL1137,P4449,33953.02,30/04/2023,Pending,Yes,25/03/2024
CL1138,P4473,7645.25,27/12/2023,Approved,No,10/06/2023
CL1139,P4518,63426.01,07/08/2020,Approved,No,22/09/2023
CL1140,P4521,23144.22,11/09/2022,Approved,No,31/05/2023
CL1141,P4533,74185.92,23/04/2025,Approved,No,07/11/2023
CL1142,P4537,115312.51,07/09/2022,Pending,Yes,27/06/2023
CL1143,P4553,51330.8,21/05/2023,Approved,No,13/05/2024
CL1144,P4566,22305.15,06/09/2024,Rejected,No,07/04/2025
CL1145,P4623,30005.21,07/04/2025,Pending,Yes,28/08/2024
CL1146,P4625,115729.83,05/12/2023,Pending,Yes,26/01/2024
CL1147,P4644,57804.84,17/05/2024,Approved,No,15/03/2025
CL1148,P4686,4956.23,18/05/2024,Rejected,No,07/06/2024
CL1149,P4691,22853.09,26/08/2021,Approved,No,10/09/2023
CL1150,P4708,23661.85,13/03/2023,Rejected,No,03/04/2025
CL1151,P4771,125645.69,06/10/2023,Pending,Yes,05/06/2023
CL1152,P4786,12988.34,29/11/2024,Pending,Yes,05/07/2023
CL1153,P4797,81846.49,15/09/2024,Approved,No,07/02/2025
CL1154,P4813,45195.81,07/12/2024,Pending,Yes,17/08/2023
CL1155,P4824,148237.85,09/06/2025,Pending,Yes,13/10/2024
CL1156,P4857,5267.69,19/04/2024,Approved,No,17/07/2023
CL1157,P4902,23160.17,22/04/2022,Pending,Yes,21/11/2024
CL1158,P4942,22838.39,15/03/2025,Approved,No,27/01/2024
CL1159,P4985,157885.95,05/05/2024,Pending,Yes,31/07/2024
CL1160,P5043,88330.24,15/01/2024,Pending,Yes,29/07/2024
CL1161,P5054,61938.04,02/04/2023,Pending,Yes,29/07/2024
CL1162,P5056,18612.35,22/02/2025,Approved,No,14/04/2025
CL1163,P5069,36364.45,02/01/2023,Rejected,No,09/03/2024
CL1164,P5078,40423.32,21/02/2025,Pending,Yes,04/04/2024
CL1165,P5094,65743.86,31/08/2024,Pending,Yes,22/11/2023
CL1166,P5130,124704.34,13/09/2022,Pending,Yes,27/09/2024
CL1167,P5174,14158.44,11/04/2021,Approved,No,06/02/2025
CL1168,P5176,17090.98,10/06/2025,Rejected,No,23/06/2023
CL1169,P5181,74954.56,06/01/2024,Approved,No,22/12/2024
CL1170,P5193,37118.88,06/10/2023,Pending,Yes,03/12/2024
CL1171,P5238,17051.07,06/01/2022,Rejected,No,12/04/2024
CL1172,P5285,11584.03,17/03/2025,Pending,Yes,15/01/2024
CL1173,P5349,12854.33,07/03/2025,Pending,Yes,31/03/2024
CL1174,P5427,63250.59,13/04/2025,Pending,Yes,13/08/2024
CL1175,P5432,31031.61,23/05/2024,Approved,No,27/11/2024
CL1176,P5460,36569.58,29/03/2024,Rejected,No,04/03/2025
CL1177,P5468,9736.89,09/06/2023,Rejected,No,24/01/2024
CL1178,P5485,152148.39,30/01/2025,Rejected,No,26/09/2024
CL1179,P5499,81837.87,15/08/2024,Pending,Yes,29/08/2024
CL1180,P5538,30517.6,17/06/2025,Pending,Yes,16/01/2025
CL1181,P5628,83044.78,19/05/2022,Pending,Yes,25/09/2024
CL1182,P5642,126229.41,25/11/2024,Pending,Yes,29/04/2025
CL1183,P5684,115498.01,14/03/2024,Approved,No,21/07/2023
CL1184,P5691,6642.65,03/04/2022,Approved,No,03/09/2024
CL1185,P5762,40846.63,04/09/2024,Approved,No,03/05/2025
CL1186,P5773,107718.92,20/02/2023,Rejected,No,09/06/2024
CL1187,P5821,78495.96,21/08/2023,Pending,Yes,27/01/2025
CL1188,P5828,25712.42,14/10/2023,Pending,Yes,21/07/2023
CL1189,P5839,75124.76,17/02/2024,Rejected,No,30/07/2024
CL1190,P5882,2196.86,27/10/2023,Rejected,No,05/11/2023
CL1191,P5899,38175.31,21/11/2022,Pending,Yes,12/06/2024
CL1192,P5913,18267.96,30/04/2023,Approved,No,26/05/2024
CL1193,P5975,156105.96,01/05/2024,Approved,No,20/08/2023
CL1194,P6007,21155.51,23/06/2025,Pending,Yes,07/08/2023
CL1195,P6033,13644.38,13/06/2025,Pending,Yes,20/06/2024
CL1196,P6042,87634.11,08/05/2025,Approved,No,12/05/2024
CL1197,P6045,3559.15,15/08/2022,Pending,Yes,10/04/2025
CL1198,P6050,44970.13,21/05/2025,Pending,Yes,07/02/2024
CL1199,P6102,1903.03,12/09/2022,Approved,No,26/09/2023
CL1200,P6111,5816.81,12/08/2024,Pending,Yes,09/07/2023
CL1201,P6123,24249.96,10/09/2024,Rejected,No,14/09/2024
CL1202,P6134,10855.82,19/01/2025,Pending,Yes,23/01/2024
CL1203,P6134,103573.18,01/01/2024,Pending,Yes,31/01/2025
CL1204,P6155,89858.13,20/03/2022,Approved,No,05/10/2023
CL1205,P6162,21560.04,03/01/2023,Rejected,No,26/12/2023
CL1206,P6180,130258.46,23/10/2023,Pending,Yes,17/05/2023
CL1207,P6219,82276.94,05/05/2024,Rejected,No,07/03/2025
CL1208,P6277,91973.71,10/07/2024,Approved,No,09/05/2023
CL1209,P6287,101229.46,26/11/2022,Approved,No,20/01/2024
CL1210,P6290,15921.58,23/04/2022,Pending,Yes,19/10/2023
CL1211,P6302,19780.93,16/03/2023,Rejected,No,26/10/2023
CL1212,P6309,22866.46,07/06/2024,Approved,No,09/03/2024
CL1213,P6339,62576.1,16/03/2022,Rejected,No,16/12/2024
CL1214,P6353,82018.26,16/03/2025,Approved,No,02/06/2023
CL1215,P6392,35636.12,14/10/2022,Pending,Yes,11/08/2023
CL1216,P6393,5517.51,13/03/2025,Approved,No,03/07/2024
CL1217,P6400,33462.5,24/04/2024,Rejected,No,27/04/2025
CL1218,P6431,43457.03,12/03/2024,Rejected,No,16/07/2024
CL1219,P6443,48136.34,16/09/2024,Approved,No,05/05/2025
CL1220,P6455,42868.83,30/09/2022,Pending,Yes,13/11/2023
CL1221,P6472,162481.19,05/08/2020,Pending,Yes,31/08/2024
CL1222,P6515,90295.54,02/10/2024,Pending,Yes,08/02/2024
CL1223,P6525,11536.53,25/01/2023,Rejected,No,25/11/2023
CL1224,P6525,7389.09,06/04/2025,Rejected,No,07/12/2023
CL1225,P6546,42579.38,17/02/2022,Pending,Yes,21/05/2023
CL1226,P6553,26394.52,01/03/2024,Pending,Yes,25/08/2023
CL1227,P6574,45191.45,18/06/2024,Pending,Yes,24/03/2025
CL1228,P6597,7760.11,07/08/2022,Rejected,No,28/06/2023
CL1229,P6600,30351.67,04/02/2025,Approved,No,18/09/2024
CL1230,P6613,31642.93,09/12/2024,Pending,Yes,28/09/2023
CL1231,P6623,562.49,08/11/2024,Approved,No,15/12/2023
CL1232,P6628,29069.06,11/08/2022,Approved,No,22/08/2024
CL1233,P6646,20010.56,13/02/2022,Approved,No,13/09/2024
CL1234,P6665,170091.52,29/09/2024,Pending,Yes,18/12/2024
CL1235,P6678,34360.44,15/05/2025,Rejected,No,01/05/2024
CL1236,P6743,13756.73,26/06/2024,Approved,No,26/11/2024
CL1237,P6760,25849.87,01/01/2025,Rejected,No,08/10/2023
CL1238,P6793,26073.62,25/02/2025,Pending,Yes,07/07/2024
CL1239,P6863,19168.13,07/11/2024,Pending,Yes,10/02/2025
CL1240,P6884,7978.8,19/01/2022,Rejected,No,25/07/2023
CL1241,P6936,91938.67,12/10/2023,Approved,No,23/01/2024
CL1242,P6938,81415.13,25/09/2023,Pending,Yes,11/11/2024
CL1243,P6946,64637.12,28/05/2024,Approved,No,07/11/2023
CL1244,P6969,95701.6,16/05/2025,Rejected,No,12/06/2023
CL1245,P7039,60028.33,05/09/2020,Approved,No,29/07/2023
CL1246,P7063,32454.71,26/10/2024,Rejected,No,21/01/2024
CL1247,P7085,46748.46,14/11/2021,Pending,Yes,05/04/2025
CL1248,P7112,20946.15,24/04/2023,Pending,Yes,28/07/2024
CL1249,P7126,97712.56,19/10/2024,Approved,No,14/03/2025
CL1250,P7256,121508.68,21/12/2023,Pending,Yes,09/07/2024
CL1251,P7258,42300.42,16/07/2023,Approved,No,14/02/2024
CL1252,P7260,1594,17/01/2024,Rejected,No,22/11/2024
CL1253,P7281,132412.27,07/07/2024,Approved,No,16/01/2025
CL1254,P7320,46969.75,12/10/2020,Rejected,No,23/11/2023
CL1255,P7344,94477.98,01/07/2023,Pending,Yes,16/09/2024
CL1256,P7357,14972.43,16/09/2023,Approved,No,07/07/2024
CL1257,P7372,18728.37,28/09/2023,Pending,Yes,02/04/2025
CL1258,P7374,80330.49,11/11/2022,Rejected,No,13/09/2023
CL1259,P7378,10643.37,21/05/2025,Rejected,No,11/08/2024
CL1260,P7412,165286.29,09/06/2025,Pending,Yes,05/03/2024
CL1261,P7446,1283.84,27/01/2024,Approved,No,11/06/2024
CL1262,P7457,18955.33,11/09/2022,Pending,Yes,12/06/2023
CL1263,P7458,70153.27,19/07/2024,Pending,Yes,01/06/2024
CL1264,P7544,49989.58,09/01/2025,Rejected,No,21/06/2023
CL1265,P7559,42601.23,25/08/2022,Approved,No,17/07/2023
CL1266,P7618,88466.51,04/04/2025,Approved,No,05/07/2023
CL1267,P7637,69738.12,21/02/2024,Rejected,No,18/11/2023
CL1268,P7648,42381.57,22/10/2024,Rejected,No,14/06/2023
CL1269,P7683,44810.66,13/02/2024,Pending,Yes,11/10/2023
CL1270,P7733,1783.97,18/08/2021,Rejected,No,13/02/2024
CL1271,P7743,85773.57,18/08/2023,Pending,Yes,20/10/2024
CL1272,P7764,163985.24,31/10/2023,Approved,No,14/09/2024
CL1273,P7815,80942.47,05/03/2024,Approved,No,04/05/2024
CL1274,P7829,8697.51,04/03/2025,Approved,No,02/05/2025
CL1275,P7858,18014.84,25/01/2025,Approved,No,04/07/2024
CL1276,P7870,13664.89,13/07/2023,Rejected,No,07/12/2024
CL1277,P7887,12255.08,01/04/2025,Rejected,No,10/06/2024
CL1278,P7892,79614.12,24/07/2024,Pending,Yes,12/05/2024
CL1279,P7944,5060.9,17/08/2024,Pending,Yes,13/10/2024
CL1280,P7954,3907.09,09/02/2022,Pending,Yes,18/10/2024
CL1281,P8024,2296.49,20/10/2023,Pending,Yes,27/02/2024
CL1282,P8057,37671.81,17/07/2024,Approved,No,30/09/2024
CL1283,P8062,8325.45,14/06/2021,Rejected,No,13/12/2023
CL1284,P8063,88257.72,27/01/2024,Approved,No,18/05/2024
CL1285,P8086,40680.39,13/07/2024,Rejected,No,03/09/2024
CL1286,P8105,45927.17,08/02/2023,Rejected,No,01/05/2025
CL1287,P8115,39173.9,16/03/2024,Approved,No,22/08/2024
CL1288,P8116,137846.05,15/11/2023,Rejected,No,13/12/2024
CL1289,P8118,31855.83,25/04/2025,Pending,Yes,05/05/2024
CL1290,P8120,15030,11/12/2021,Pending,Yes,20/02/2024
CL1291,P8159,20376.76,31/05/2022,Rejected,No,26/10/2024
CL1292,P8197,109814.57,25/05/2025,Pending,Yes,29/03/2025
CL1293,P8217,56181.56,13/06/2025,Pending,Yes,23/01/2024
CL1294,P8223,15783.31,30/08/2024,Pending,Yes,11/07/2023
CL1295,P8227,36422.13,13/12/2022,Pending,Yes,07/07/2023
CL1296,P8243,163884.32,23/11/2023,Pending,Yes,28/09/2024
CL1297,P8252,8782.78,18/03/2024,Rejected,No,24/12/2024
CL1298,P8256,49161.56,18/12/2023,Pending,Yes,17/05/2023
CL1299,P8296,9495.58,10/01/2022,Pending,Yes,23/08/2023
CL1300,P8296,190040.46,19/11/2024,Approved,No,21/09/2024
CL1301,P8322,4060.75,18/12/2023,Rejected,No,14/09/2023
CL1302,P8364,129151.27,22/07/2024,Rejected,No,20/03/2024
CL1303,P8377,106022.18,20/08/2023,Pending,Yes,14/01/2025
CL1304,P8381,61293.73,21/02/2024,Rejected,No,22/06/2023
CL1305,P8400,7594.92,11/05/2023,Rejected,No,02/06/2024
CL1306,P8429,120757.42,26/02/2024,Pending,Yes,28/06/2023
CL1307,P8438,54772.94,31/05/2024,Approved,No,10/06/2024
CL1308,P8446,8888.19,13/05/2023,Rejected,No,08/07/2024
CL1309,P8469,49031.02,30/09/2024,Pending,Yes,15/06/2023
CL1310,P8485,17759.2,21/05/2025,Pending,Yes,28/04/2025
CL1311,P8485,154520.45,28/06/2024,Pending,Yes,01/10/2024
CL1312,P8499,80791.04,22/05/2022,Pending,Yes,11/12/2023
CL1313,P8524,38385.18,22/06/2024,Approved,No,03/04/2025
CL1314,P8526,58981.68,09/01/2025,Rejected,No,05/12/2023
CL1315,P8537,111577.93,28/01/2022,Approved,No,18/01/2025
CL1316,P8538,105301.18,12/09/2024,Pending,Yes,23/01/2025
CL1317,P8540,3868.64,31/05/2021,Approved,No,01/06/2024
CL1318,P8544,139211.79,15/07/2023,Approved,No,25/07/2023
CL1319,P8593,9487.24,26/06/2024,Rejected,No,20/01/2024
CL1320,P8593,155722.84,08/07/2024,Pending,Yes,26/07/2023
CL1321,P8606,5067.98,03/09/2024,Approved,No,01/04/2025
CL1322,P8626,77637.31,12/07/2024,Approved,No,30/11/2023
CL1323,P8637,4001.45,07/02/2023,Approved,No,12/11/2023
CL1324,P8673,4827.96,16/07/2023,Approved,No,08/09/2023
CL1325,P8692,111192.58,31/03/2024,Pending,Yes,23/11/2024
CL1326,P8713,13087.57,21/04/2024,Approved,No,26/04/2025
CL1327,P8722,7224.33,10/09/2024,Pending,Yes,12/09/2023
CL1328,P8728,14047.18,01/08/2023,Pending,Yes,05/09/2023
CL1329,P8738,48720.38,09/12/2022,Approved,No,14/07/2023
CL1330,P8759,90969.44,07/09/2021,Approved,No,06/07/2024
CL1331,P8789,63738.27,10/02/2024,Pending,Yes,20/10/2023
CL1332,P8852,17143.31,08/04/2025,Pending,Yes,03/05/2025
CL1333,P8862,36281.91,14/11/2024,Pending,Yes,09/06/2023
CL1334,P8877,66927.87,13/05/2023,Approved,No,11/02/2024
CL1335,P8912,65034.3,03/03/2023,Approved,No,02/01/2025
CL1336,P8913,14045.3,23/03/2022,Approved,No,26/08/2023
CL1337,P8932,2836.31,04/04/2025,Pending,Yes,26/05/2024
CL1338,P8964,46962.62,11/02/2024,Rejected,No,02/02/2025
CL1339,P8973,160650.9,18/06/2025,Approved,No,11/02/2024
CL1340,P9015,16798.44,30/12/2022,Approved,No,01/04/2025
CL1341,P9115,7083.05,18/09/2020,Approved,No,17/10/2024
CL1342,P9115,61344.19,28/05/2024,Rejected,No,28/03/2024
CL1343,P9147,12719.55,19/11/2024,Rejected,No,19/04/2025
CL1344,P9173,49703.66,29/09/2023,Pending,Yes,07/05/2023
CL1345,P9182,4954.04,18/08/2024,Approved,No,28/08/2023
CL1346,P9182,163088.45,16/02/2024,Approved,No,30/07/2024
CL1347,P9223,17117.19,20/10/2021,Pending,Yes,16/02/2024
CL1348,P9244,39448.09,27/05/2025,Pending,Yes,20/10/2024
CL1349,P9266,114814.95,28/04/2025,Rejected,No,16/02/2024
CL1350,P9412,87762.51,12/04/2021,Rejected,No,15/06/2024
CL1351,P9456,130904.16,15/10/2024,Approved,No,28/10/2024
CL1352,P9482,69672.74,14/07/2024,Approved,No,31/08/2023
CL1353,P9500,45241.26,28/04/2024,Pending,Yes,10/11/2024
CL1354,P9520,56441.61,15/01/2024,Rejected,No,09/03/2024
CL1355,P9521,8094.07,21/07/2023,Pending,Yes,05/11/2024
CL1356,P9579,35770.22,26/12/2023,Rejected,No,01/11/2023
CL1357,P9601,92623.59,05/01/2022,Approved,No,05/01/2024
CL1358,P9609,6450.43,02/02/2025,Pending,Yes,21/11/2024
CL1359,P9617,98317.66,28/02/2023,Approved,No,22/07/2024
CL1360,P9619,38467.77,30/05/2024,Approved,No,21/05/2024
CL1361,P9645,16509.25,12/04/2025,Rejected,No,13/04/2025
CL1362,P9777,176848.74,13/02/2024,Pending,Yes,31/03/2024
CL1363,P9804,31148.22,22/05/2024,Rejected,No,12/12/2023
CL1364,P9820,58670.68,11/10/2024,Approved,No,10/10/2024
CL1365,P9845,8416.88,02/03/2024,Rejected,No,21/12/2023
CL1366,P9860,57063.19,04/04/2024,Pending,Yes,10/07/2023
CL1367,P9903,57289.67,11/11/2024,Pending,Yes,21/10/2024
CL1368,P9919,7767.24,21/12/2024,Rejected,No,16/02/2025
CL1369,P9923,9872.84,31/01/2023,Approved,No,29/02/2024
CL1370,P9946,82291.01,16/08/2024,Approved,No,17/06/2024
CL1371,P9951,10627.9,18/10/2023,Approved,No,04/11/2023
CL0005,P0005,9999.99,05/03/2023,Approved,No,01/07/2025
