Policy_ID,Customer_ID,Status,Start_Date,End_Date,SRC_TRANSACTION_DATE
P0001,C0344,Expired,03/05/2021,23/02/2025,10/03/2024
P0002,C0474,Active,07/07/2023,NULL,17/09/2023
P0003,C0644,Active,08/05/2021,NULL,03/10/2023
P0004,C0956,Active,19/01/2023,NULL,20/11/2024
P0005,C0933,Expired,14/10/2022,18/06/2024,22/11/2023
P0006,C0664,Active,05/12/2020,NULL,01/09/2023
P0007,C0796,Active,23/05/2022,NULL,18/03/2024
P0008,C0054,Expired,21/07/2022,20/05/2024,22/04/2025
P0009,C0231,Active,11/05/2021,NULL,23/09/2024
P0010,C0129,Active,18/08/2020,NULL,16/09/2024
P0011,C0898,Active,03/12/2020,NULL,13/02/2025
P0012,C0324,Active,11/05/2020,NULL,08/05/2023
P0013,C0027,Active,28/10/2023,NULL,11/07/2024
P0014,C0103,Expired,24/07/2022,29/06/2024,04/05/2024
P0015,C0336,Active,28/02/2024,NULL,24/02/2025
P0016,C0105,Expired,07/08/2023,26/07/2024,22/12/2024
P0017,C0176,Active,24/01/2022,NULL,30/01/2024
P0018,C0631,Active,20/09/2020,NULL,13/03/2024
P0019,C0525,Expired,06/09/2022,24/01/2025,26/07/2024
P0020,C0756,Expired,27/04/2023,13/01/2025,24/10/2024
P0021,C0441,Expired,25/09/2023,10/08/2024,23/04/2025
P0022,C0517,Active,06/05/2022,NULL,05/07/2024
P0023,C0958,Active,22/03/2022,NULL,17/01/2025
P0024,C0643,Active,21/03/2022,NULL,09/07/2023
P0025,C0052,Expired,07/11/2023,27/07/2024,03/06/2024
P0026,C0869,Active,21/04/2024,NULL,10/06/2023
P0027,C0219,Active,14/05/2023,NULL,20/07/2023
P0028,C0309,Expired,21/04/2024,20/12/2024,27/05/2024
P0029,C0151,Active,25/07/2022,NULL,20/06/2024
P0030,C0981,Active,31/10/2023,NULL,16/11/2023
P0031,C0424,Expired,16/08/2021,05/09/2024,26/07/2023
P0032,C0977,Expired,01/01/2023,27/02/2025,03/08/2023
P0033,C0308,Expired,29/05/2023,08/03/2025,16/09/2024
P0034,C0519,Expired,22/08/2021,23/02/2025,10/09/2023
P0035,C0795,Expired,11/03/2023,06/09/2024,20/12/2024
P0036,C0513,Active,27/07/2022,NULL,15/07/2023
P0037,C0403,Active,01/03/2022,NULL,27/03/2025
P0038,C0128,Active,31/07/2022,NULL,26/02/2024
P0039,C0153,Expired,12/04/2021,22/08/2024,15/06/2023
P0040,C0183,Active,12/07/2021,NULL,04/04/2024
P0041,C0363,Active,28/12/2021,NULL,10/05/2024
P0042,C0167,Active,18/09/2022,NULL,09/04/2025
P0043,C0772,Expired,20/06/2021,24/02/2025,28/08/2023
P0044,C0404,Expired,13/12/2023,10/04/2025,03/07/2023
P0045,C0465,Active,28/02/2021,NULL,23/01/2025
P0046,C0189,Expired,14/02/2024,13/09/2024,24/07/2023
P0047,C0046,Active,09/01/2024,NULL,22/08/2024
P0048,C0689,Active,07/11/2023,NULL,10/09/2024
P0049,C0961,Active,19/03/2024,NULL,25/08/2024
P0050,C0419,Expired,07/01/2022,24/06/2024,21/09/2024
P0051,C0043,Active,03/10/2020,NULL,21/09/2024
P0052,C0898,Expired,21/12/2020,28/11/2024,19/11/2023
P0053,C0027,Expired,11/03/2021,21/05/2024,06/03/2024
P0054,C0670,Active,15/09/2023,NULL,08/10/2024
P0055,C0494,Active,12/03/2024,NULL,07/11/2024
P0056,C0887,Active,14/01/2021,NULL,12/09/2024
P0057,C0473,Expired,29/07/2023,03/07/2024,25/01/2024
P0058,C0914,Expired,26/02/2021,06/07/2024,22/06/2024
P0059,C0146,Active,16/03/2022,NULL,29/01/2024
P0060,C0056,Expired,17/05/2022,24/03/2025,15/06/2024
P0061,C0155,Active,25/12/2021,NULL,23/11/2023
P0062,C0207,Active,11/03/2023,NULL,05/11/2024
P0063,C0691,Expired,21/05/2021,26/10/2024,19/07/2023
P0064,C0323,Expired,16/06/2021,03/01/2025,11/07/2023
P0065,C0285,Active,04/08/2023,NULL,06/07/2024
P0066,C0903,Active,13/11/2022,NULL,04/09/2023
P0067,C0771,Expired,13/05/2020,18/02/2025,09/05/2024
P0068,C0598,Expired,04/07/2020,23/10/2024,19/04/2024
P0069,C0831,Active,28/01/2021,NULL,14/03/2025
P0070,C0025,Active,25/10/2023,NULL,26/06/2023
P0071,C0538,Expired,30/04/2022,28/12/2024,02/03/2024
P0072,C0709,Active,18/09/2020,NULL,17/10/2024
P0073,C0036,Active,28/10/2020,NULL,22/08/2024
P0074,C0579,Expired,24/02/2023,24/11/2024,08/05/2023
P0075,C0543,Expired,09/03/2021,26/12/2024,23/04/2024
P0076,C0461,Active,24/01/2024,NULL,25/10/2023
P0077,C0255,Expired,31/07/2023,15/05/2024,24/04/2024
P0078,C0388,Active,23/03/2022,NULL,18/05/2024
P0079,C0385,Active,23/04/2021,NULL,11/02/2025
P0080,C0190,Expired,11/04/2022,17/06/2024,05/07/2024
P0081,C0170,Active,25/12/2020,NULL,25/07/2023
P0082,C0350,Active,28/11/2023,NULL,20/04/2024
P0083,C0079,Expired,21/02/2024,14/09/2024,18/01/2024
P0084,C0850,Active,03/02/2023,NULL,15/04/2024
P0085,C0127,Expired,19/07/2023,16/07/2024,19/04/2025
P0086,C0422,Expired,14/02/2021,14/03/2025,23/03/2025
P0087,C0469,Expired,24/06/2020,14/08/2024,12/05/2023
P0088,C0062,Expired,19/02/2024,22/11/2024,07/12/2024
P0089,C0188,Active,27/09/2023,NULL,21/08/2023
P0090,C0851,Active,03/10/2023,NULL,13/12/2023
P0091,C0737,Active,05/09/2020,NULL,29/07/2023
P0092,C0209,Active,24/01/2024,NULL,25/02/2025
P0093,C0777,Expired,12/12/2021,15/07/2024,27/01/2024
P0094,C0340,Active,06/05/2023,NULL,16/04/2024
P0095,C0966,Active,18/06/2022,NULL,05/06/2023
P0096,C0933,Active,18/05/2020,NULL,12/06/2024
P0097,C0250,Active,04/09/2022,NULL,08/06/2023
P0098,C0385,Expired,13/04/2024,19/04/2025,20/10/2024
P0099,C0761,Expired,29/06/2023,25/05/2024,05/07/2023
P0100,C0561,Expired,20/06/2020,19/02/2025,04/11/2023
P0101,C0683,Expired,10/05/2023,07/12/2024,29/10/2024
P0102,C0605,Expired,13/11/2023,16/05/2024,08/04/2025
P0103,C0213,Expired,28/10/2023,30/11/2024,03/02/2024
P0104,C0403,Active,09/12/2021,NULL,31/12/2023
P0105,C0110,Expired,08/02/2023,27/05/2024,07/06/2023
P0106,C0486,Expired,18/08/2023,24/07/2024,15/06/2023
P0107,C0761,Active,14/09/2020,NULL,18/02/2024
P0108,C0583,Active,16/04/2022,NULL,04/03/2025
P0109,C0603,Expired,05/12/2021,09/02/2025,21/03/2025
P0110,C0803,Expired,11/01/2023,30/12/2024,18/08/2023
P0111,C0213,Active,04/06/2020,NULL,15/05/2024
P0112,C0013,Active,10/11/2022,NULL,06/11/2024
P0113,C0853,Expired,08/04/2023,10/10/2024,18/12/2024
P0114,C0782,Active,21/08/2021,NULL,04/07/2024
P0115,C0330,Active,12/02/2023,NULL,07/11/2024
P0116,C0831,Expired,18/05/2022,20/03/2025,01/03/2024
P0117,C0866,Active,06/05/2023,NULL,10/03/2024
P0118,C0816,Active,10/03/2024,NULL,14/04/2025
P0119,C0453,Active,12/09/2023,NULL,20/05/2023
P0120,C0708,Active,08/08/2020,NULL,20/05/2024
P0121,C0173,Expired,23/08/2020,27/06/2024,14/02/2025
P0122,C0586,Active,25/11/2021,NULL,19/08/2024
P0123,C0029,Expired,27/07/2020,02/01/2025,11/02/2025
P0124,C0271,Expired,12/01/2024,29/09/2024,01/03/2025
P0125,C0242,Active,02/07/2020,NULL,14/12/2024
P0126,C0124,Active,27/12/2023,NULL,23/02/2024
P0127,C0472,Expired,29/09/2021,08/05/2024,28/03/2024
P0128,C0217,Active,17/01/2024,NULL,19/06/2024
P0129,C0472,Active,11/10/2021,NULL,12/02/2024
P0130,C0683,Expired,17/01/2021,22/12/2024,21/03/2024
P0131,C0985,Active,25/01/2021,NULL,10/02/2024
P0132,C0052,Active,08/03/2023,NULL,05/07/2023
P0133,C0192,Expired,08/09/2022,28/04/2025,30/04/2025
P0134,C0825,Expired,14/12/2021,23/07/2024,20/02/2024
P0135,C0324,Active,27/05/2021,NULL,25/05/2024
P0136,C0420,Expired,08/03/2021,07/09/2024,29/11/2024
P0137,C0301,Active,02/07/2021,NULL,08/10/2023
P0138,C0802,Expired,28/08/2022,15/08/2024,22/03/2024
P0139,C0995,Expired,28/01/2021,22/08/2024,14/11/2024
P0140,C0949,Active,11/04/2023,NULL,21/06/2024
P0141,C0748,Expired,14/02/2021,24/01/2025,09/07/2023
P0142,C0727,Expired,23/08/2021,23/07/2024,21/12/2024
P0143,C0187,Active,25/06/2020,NULL,18/12/2024
P0144,C0963,Active,19/02/2022,NULL,22/03/2025
P0145,C0559,Active,05/10/2021,NULL,23/05/2024
P0146,C0105,Active,23/07/2022,NULL,29/05/2024
P0147,C0847,Active,10/07/2021,NULL,27/05/2024
P0148,C0198,Active,06/11/2020,NULL,23/02/2025
P0149,C0901,Expired,25/08/2021,27/02/2025,30/05/2023
P0150,C0675,Expired,20/07/2022,01/04/2025,21/02/2024
P0151,C0570,Active,10/04/2021,NULL,09/09/2024
P0152,C0568,Expired,13/01/2021,19/02/2025,10/04/2025
P0153,C0698,Expired,24/04/2024,12/04/2025,03/05/2024
P0154,C0430,Active,07/04/2022,NULL,27/10/2023
P0155,C0228,Active,26/11/2021,NULL,26/03/2024
P0156,C0367,Active,29/07/2022,NULL,23/12/2024
P0157,C0151,Expired,26/01/2024,11/08/2024,16/10/2023
P0158,C0931,Active,26/01/2024,NULL,17/01/2024
P0159,C0774,Expired,06/02/2021,29/09/2024,22/08/2023
P0160,C0501,Expired,18/04/2024,13/10/2024,09/04/2024
P0161,C0620,Active,07/01/2021,NULL,06/12/2024
P0162,C0865,Active,01/05/2022,NULL,27/07/2024
P0163,C0795,Expired,25/08/2021,10/01/2025,28/05/2023
P0164,C0472,Expired,17/06/2022,18/03/2025,20/01/2024
P0165,C0758,Expired,13/01/2023,17/02/2025,09/03/2024
P0166,C0043,Active,01/03/2021,NULL,15/12/2024
P0167,C0289,Active,25/09/2023,NULL,25/02/2024
P0168,C0186,Expired,23/06/2020,01/10/2024,04/09/2024
P0169,C0865,Expired,27/03/2022,20/12/2024,14/03/2024
P0170,C0291,Active,11/09/2022,NULL,19/09/2024
P0171,C0134,Expired,06/01/2024,15/09/2024,09/05/2023
P0172,C0030,Expired,23/04/2022,28/01/2025,29/06/2024
P0173,C0298,Active,07/02/2021,NULL,25/01/2024
P0174,C0018,Expired,31/10/2020,05/04/2025,14/04/2024
P0175,C0338,Expired,26/08/2020,21/06/2024,27/05/2024
P0176,C0128,Active,21/10/2021,NULL,09/09/2023
P0177,C0515,Active,16/01/2022,NULL,06/02/2025
P0178,C0553,Expired,23/01/2024,08/02/2025,12/12/2024
P0179,C0316,Active,02/03/2023,NULL,22/12/2024
P0180,C0904,Expired,09/02/2024,18/11/2024,23/02/2025
P0181,C0141,Expired,17/08/2022,19/12/2024,01/06/2023
P0182,C0591,Expired,21/01/2023,07/03/2025,11/10/2024
P0183,C0276,Active,22/07/2020,NULL,20/07/2024
P0184,C0074,Expired,07/03/2022,24/03/2025,07/09/2024
P0185,C0394,Active,03/10/2020,NULL,31/05/2023
P0186,C0337,Expired,14/04/2024,30/05/2024,05/10/2024
P0187,C0994,Expired,26/04/2021,28/11/2024,28/05/2023
P0188,C0057,Active,12/07/2021,NULL,09/01/2025
P0189,C0192,Active,27/11/2023,NULL,12/05/2024
P0190,C0619,Active,14/07/2020,NULL,01/08/2024
P0191,C0504,Active,14/07/2022,NULL,12/07/2023
P0192,C0080,Expired,22/08/2021,12/11/2024,28/05/2024
P0193,C0914,Active,02/12/2023,NULL,04/05/2024
P0194,C0838,Expired,24/03/2021,02/10/2024,05/07/2023
P0195,C0654,Expired,10/07/2020,08/06/2024,24/05/2023
P0196,C0417,Active,23/10/2023,NULL,06/09/2023
P0197,C0872,Active,10/11/2020,NULL,20/01/2024
P0198,C0110,Active,03/07/2020,NULL,13/09/2024
P0199,C0108,Active,08/10/2021,NULL,15/04/2025
P0200,C0023,Active,16/11/2020,NULL,30/01/2025
P0201,C0641,Expired,21/02/2022,03/09/2024,31/03/2024
P0202,C0600,Active,21/10/2021,NULL,28/05/2023
P0203,C0410,Expired,25/11/2022,07/09/2024,19/04/2024
P0204,C0637,Expired,23/10/2020,21/08/2024,08/03/2025
P0205,C0416,Active,17/01/2022,NULL,29/04/2025
P0206,C0378,Expired,07/11/2020,15/02/2025,03/08/2023
P0207,C0380,Active,02/04/2024,NULL,01/11/2023
P0208,C0053,Expired,01/12/2020,21/09/2024,09/12/2023
P0209,C0461,Active,18/02/2023,NULL,29/04/2025
P0210,C0877,Active,22/12/2022,NULL,16/03/2025
P0211,C0577,Active,07/10/2021,NULL,03/08/2023
P0212,C0561,Active,12/10/2022,NULL,19/06/2023
P0213,C0294,Expired,01/12/2021,18/10/2024,22/06/2024
P0214,C0355,Active,02/08/2020,NULL,01/05/2024
P0215,C0418,Active,05/12/2023,NULL,02/08/2023
P0216,C0882,Active,17/11/2022,NULL,22/04/2024
P0217,C0585,Expired,15/07/2020,11/10/2024,13/08/2023
P0218,C0079,Expired,09/07/2021,21/11/2024,17/09/2024
P0219,C0867,Active,23/07/2023,NULL,10/01/2024
P0220,C0182,Active,02/12/2022,NULL,14/06/2023
P0221,C0300,Active,02/01/2022,NULL,18/02/2024
P0222,C0813,Expired,13/05/2022,22/09/2024,15/05/2024
P0223,C0463,Expired,09/07/2020,24/02/2025,06/06/2023
P0224,C0309,Active,09/10/2023,NULL,02/01/2024
P0225,C0804,Active,29/11/2022,NULL,13/05/2023
P0226,C0416,Active,05/02/2021,NULL,05/04/2024
P0227,C0343,Active,05/10/2022,NULL,13/06/2023
P0228,C0362,Active,01/04/2021,NULL,02/02/2024
P0229,C0839,Expired,30/08/2021,26/04/2025,30/04/2025
P0230,C0590,Expired,16/04/2021,12/01/2025,11/11/2024
P0231,C0638,Expired,05/12/2023,02/04/2025,06/01/2025
P0232,C0177,Expired,10/07/2021,04/05/2025,15/11/2024
P0233,C0098,Active,14/01/2021,NULL,20/11/2024
P0234,C0096,Active,24/04/2021,NULL,04/12/2023
P0235,C0646,Expired,09/06/2022,17/05/2024,21/03/2025
P0236,C0636,Active,03/02/2021,NULL,24/06/2024
P0237,C0532,Active,26/10/2021,NULL,09/10/2023
P0238,C0867,Active,06/12/2023,NULL,18/05/2024
P0239,C0109,Expired,21/07/2023,17/06/2024,30/08/2024
P0240,C0294,Active,18/03/2024,NULL,28/03/2024
P0241,C0509,Active,28/03/2022,NULL,20/01/2024
P0242,C0265,Active,23/08/2021,NULL,20/03/2025
P0243,C0528,Active,24/04/2022,NULL,31/07/2023
P0244,C0400,Active,22/12/2020,NULL,18/04/2025
P0245,C0049,Active,28/12/2020,NULL,16/09/2023
P0246,C0782,Expired,17/07/2021,24/08/2024,29/12/2024
P0247,C0393,Active,02/11/2022,NULL,29/09/2024
P0248,C0930,Expired,31/12/2021,13/08/2024,07/01/2024
P0249,C0599,Expired,29/03/2021,09/04/2025,02/07/2023
P0250,C0296,Active,24/10/2021,NULL,10/12/2024
P0251,C0508,Expired,23/01/2022,24/12/2024,26/12/2023
P0252,C0140,Expired,08/10/2020,11/07/2024,16/06/2023
P0253,C0250,Active,20/12/2022,NULL,07/06/2023
P0254,C0973,Active,10/03/2023,NULL,27/11/2024
P0255,C0989,Active,28/09/2022,NULL,20/07/2023
P0256,C0060,Active,13/09/2022,NULL,16/09/2024
P0257,C0137,Expired,17/04/2024,24/03/2025,04/12/2023
P0258,C0897,Expired,29/11/2021,12/05/2024,05/10/2024
P0259,C0097,Active,28/11/2023,NULL,15/08/2024
P0260,C0191,Active,10/12/2021,NULL,22/10/2024
P0261,C0677,Expired,08/07/2021,14/04/2025,18/11/2023
P0262,C0177,Active,27/06/2021,NULL,05/12/2024
P0263,C0523,Expired,31/08/2022,09/02/2025,06/10/2024
P0264,C0467,Expired,16/11/2021,21/03/2025,02/09/2024
P0265,C0198,Active,15/04/2024,NULL,25/02/2025
P0266,C0142,Expired,26/10/2022,06/03/2025,03/11/2024
P0267,C0629,Expired,25/04/2024,05/05/2025,27/02/2025
P0268,C0056,Expired,08/03/2022,20/02/2025,29/08/2024
P0269,C0567,Active,14/06/2023,NULL,12/02/2025
P0270,C0289,Expired,06/12/2022,08/11/2024,17/06/2024
P0271,C0614,Active,27/11/2021,NULL,01/07/2024
P0272,C0512,Expired,24/09/2022,21/04/2025,20/02/2024
P0273,C0982,Active,14/06/2021,NULL,21/04/2025
P0274,C0185,Active,12/02/2022,NULL,30/01/2024
P0275,C0064,Active,10/05/2021,NULL,27/04/2025
P0276,C0865,Expired,09/06/2021,23/10/2024,26/07/2024
P0277,C0900,Expired,07/03/2023,10/01/2025,17/02/2024
P0278,C0711,Active,05/08/2022,NULL,27/04/2025
P0279,C0715,Active,28/10/2021,NULL,01/02/2025
P0280,C0826,Active,21/12/2023,NULL,26/01/2025
P0281,C0481,Active,22/04/2024,NULL,28/07/2024
P0282,C0710,Active,26/05/2021,NULL,28/08/2024
P0283,C0420,Active,20/12/2020,NULL,05/11/2023
P0284,C0608,Expired,15/08/2023,21/07/2024,03/06/2024
P0285,C0617,Active,03/10/2020,NULL,30/09/2024
P0286,C0342,Expired,23/09/2023,21/04/2025,19/04/2024
P0287,C0839,Expired,16/06/2021,26/01/2025,26/11/2023
P0288,C0093,Expired,02/05/2024,01/12/2024,09/12/2024
P0289,C0651,Expired,13/05/2023,25/07/2024,18/04/2025
P0290,C0123,Active,07/01/2023,NULL,21/04/2025
P0291,C0660,Active,11/02/2021,NULL,23/07/2024
P0292,C0665,Expired,30/05/2022,06/05/2024,20/06/2023
P0293,C0327,Expired,30/01/2021,07/12/2024,26/02/2024
P0294,C0328,Expired,12/11/2022,28/01/2025,13/08/2024
P0295,C0721,Active,29/08/2021,NULL,31/01/2025
P0296,C0714,Active,12/03/2024,NULL,29/10/2023
P0297,C0931,Active,07/05/2020,NULL,25/01/2024
P0298,C0614,Active,23/04/2021,NULL,12/03/2025
P0299,C0416,Expired,12/11/2020,31/08/2024,04/05/2025
P0300,C0678,Expired,04/05/2022,13/04/2025,14/08/2024
P0301,C0079,Expired,18/12/2020,06/03/2025,10/03/2024
P0302,C0869,Active,19/05/2020,NULL,12/06/2023
P0303,C0248,Active,17/02/2023,NULL,14/12/2023
P0304,C0332,Active,12/02/2021,NULL,02/11/2024
P0305,C0219,Expired,03/10/2020,18/03/2025,14/03/2024
P0306,C0661,Expired,03/07/2023,01/03/2025,18/03/2024
P0307,C0118,Active,06/11/2023,NULL,25/10/2023
P0308,C0642,Active,30/01/2024,NULL,22/05/2023
P0309,C0921,Expired,05/01/2023,12/12/2024,06/09/2024
P0310,C0188,Active,02/10/2020,NULL,09/04/2024
P0311,C0506,Active,05/08/2023,NULL,09/06/2024
P0312,C0786,Expired,25/10/2020,07/01/2025,14/11/2024
P0313,C0262,Active,31/12/2023,NULL,12/04/2024
P0314,C0101,Expired,09/06/2021,22/07/2024,29/02/2024
P0315,C0218,Expired,21/12/2020,22/12/2024,31/08/2023
P0316,C0757,Expired,20/02/2022,03/09/2024,23/02/2024
P0317,C0395,Active,20/04/2024,NULL,01/12/2023
P0318,C0333,Expired,23/12/2023,09/07/2024,07/07/2024
P0319,C0095,Expired,04/03/2023,20/10/2024,26/04/2025
P0320,C0110,Expired,30/11/2021,30/05/2024,03/04/2025
P0321,C0694,Active,11/10/2023,NULL,28/10/2024
P0322,C0736,Active,25/09/2023,NULL,07/05/2024
P0323,C0142,Active,04/11/2020,NULL,24/07/2024
P0324,C0573,Active,17/08/2022,NULL,05/02/2025
P0325,C0178,Active,17/06/2021,NULL,04/09/2024
P0326,C0329,Expired,17/12/2022,26/04/2025,02/01/2025
P0327,C0025,Active,08/11/2023,NULL,19/01/2024
P0328,C0769,Expired,21/09/2020,20/10/2024,14/06/2024
P0329,C0246,Expired,28/08/2023,10/11/2024,09/05/2023
P0330,C0004,Active,13/10/2021,NULL,19/07/2024
P0331,C0730,Active,13/01/2022,NULL,24/07/2024
P0332,C0865,Expired,18/01/2024,17/10/2024,26/06/2023
P0333,C0782,Active,03/05/2024,NULL,29/11/2024
P0334,C0501,Expired,29/06/2020,11/09/2024,30/12/2024
P0335,C0909,Active,05/10/2022,NULL,17/03/2025
P0336,C0533,Active,04/09/2020,NULL,04/03/2025
P0337,C0674,Expired,29/05/2023,21/11/2024,13/11/2024
P0338,C0089,Expired,27/06/2020,21/04/2025,05/04/2024
P0339,C0888,Active,16/06/2021,NULL,15/09/2023
P0340,C0029,Expired,02/06/2022,03/03/2025,08/03/2024
P0341,C0546,Expired,14/10/2020,13/06/2024,16/10/2024
P0342,C0681,Expired,12/10/2020,05/09/2024,24/01/2024
P0343,C0263,Expired,09/12/2022,04/02/2025,23/08/2023
P0344,C0416,Active,21/04/2024,NULL,23/06/2024
P0345,C0926,Expired,23/07/2023,23/07/2024,21/02/2024
P0346,C0637,Expired,25/12/2020,15/05/2024,02/05/2025
P0347,C0184,Expired,20/07/2023,13/11/2024,13/05/2023
P0348,C0253,Expired,22/04/2023,12/03/2025,28/07/2023
P0349,C0622,Active,02/01/2024,NULL,01/11/2024
P0350,C0762,Active,04/02/2021,NULL,21/02/2024
P0351,C0619,Expired,23/12/2023,29/07/2024,29/04/2025
P0352,C0293,Active,30/05/2023,NULL,27/01/2025
P0353,C0574,Active,15/12/2023,NULL,26/03/2025
P0354,C0133,Active,23/09/2022,NULL,02/09/2024
P0355,C0960,Expired,21/12/2021,01/07/2024,26/12/2023
P0356,C0525,Active,19/05/2021,NULL,22/11/2024
P0357,C0945,Expired,07/07/2023,02/01/2025,27/01/2024
P0358,C0670,Expired,26/02/2023,23/07/2024,20/12/2024
P0359,C0691,Active,28/04/2021,NULL,17/02/2024
P0360,C0791,Expired,23/02/2021,09/01/2025,10/09/2023
P0361,C0083,Active,10/10/2022,NULL,04/01/2024
P0362,C0144,Expired,03/12/2022,25/09/2024,05/12/2024
P0363,C0309,Expired,29/05/2020,12/02/2025,19/03/2025
P0364,C0378,Expired,23/10/2023,24/05/2024,18/05/2024
P0365,C0774,Expired,28/06/2022,03/04/2025,13/07/2024
P0366,C0788,Expired,06/08/2022,15/08/2024,20/09/2023
P0367,C0407,Active,27/05/2021,NULL,26/04/2025
P0368,C0059,Expired,26/04/2023,29/04/2025,14/08/2024
P0369,C0013,Active,06/09/2023,NULL,14/03/2025
P0370,C0204,Expired,11/09/2023,13/09/2024,13/07/2023
P0371,C0831,Expired,06/01/2023,06/09/2024,01/01/2024
P0372,C0089,Expired,12/09/2021,25/06/2024,07/04/2024
P0373,C0472,Active,07/08/2020,NULL,20/09/2023
P0374,C0950,Active,18/04/2023,NULL,06/04/2024
P0375,C0924,Active,03/06/2023,NULL,18/11/2023
P0376,C0474,Expired,14/01/2022,02/10/2024,24/07/2024
P0377,C0289,Active,24/01/2021,NULL,05/11/2024
P0378,C0937,Expired,16/01/2021,17/11/2024,02/07/2024
P0379,C0005,Active,27/11/2021,NULL,05/12/2023
P0380,C0981,Expired,06/03/2021,21/10/2024,11/10/2023
P0381,C0577,Active,22/03/2023,NULL,13/04/2024
P0382,C0678,Expired,01/10/2023,12/07/2024,19/07/2024
P0383,C0074,Active,12/09/2022,NULL,27/09/2024
P0384,C0451,Active,08/09/2023,NULL,12/03/2025
P0385,C0978,Active,25/06/2020,NULL,21/06/2024
P0386,C0761,Expired,02/07/2022,04/03/2025,08/11/2024
P0387,C0304,Active,23/09/2020,NULL,19/10/2024
P0388,C0135,Expired,21/01/2022,29/05/2024,19/10/2024
P0389,C0933,Active,11/04/2021,NULL,15/04/2024
P0390,C0688,Active,07/01/2024,NULL,18/08/2024
P0391,C0157,Active,12/11/2020,NULL,04/11/2023
P0392,C0193,Expired,12/12/2021,01/09/2024,01/04/2025
P0393,C0590,Expired,13/02/2022,19/09/2024,27/08/2024
P0394,C0465,Active,27/12/2020,NULL,07/06/2024
P0395,C0601,Expired,08/03/2023,23/04/2025,03/04/2024
P0396,C0290,Expired,23/10/2023,01/03/2025,10/08/2023
P0397,C0560,Expired,23/04/2023,04/10/2024,08/10/2023
P0398,C0398,Expired,05/10/2023,12/10/2024,01/10/2024
P0399,C0132,Expired,07/03/2022,04/09/2024,06/05/2023
P0400,C0464,Expired,26/07/2023,18/10/2024,27/04/2025
P0401,C0623,Active,27/03/2021,NULL,28/11/2023
P0402,C0145,Active,23/07/2023,NULL,17/09/2024
P0403,C0307,Active,07/09/2022,NULL,01/03/2024
P0404,C0203,Active,30/08/2023,NULL,16/05/2024
P0405,C0839,Expired,09/02/2021,07/12/2024,01/07/2023
P0406,C0851,Active,01/07/2022,NULL,14/04/2025
P0407,C0654,Expired,13/09/2021,22/09/2024,11/09/2024
P0408,C0156,Expired,24/08/2020,10/04/2025,12/05/2023
P0409,C0678,Expired,02/01/2022,07/01/2025,12/03/2025
P0410,C0081,Active,07/08/2023,NULL,16/10/2024
P0411,C0009,Expired,22/03/2022,05/09/2024,28/12/2024
P0412,C0271,Active,17/03/2021,NULL,11/12/2023
P0413,C0457,Active,31/01/2021,NULL,03/03/2024
P0414,C0797,Active,09/02/2021,NULL,22/05/2023
P0415,C0103,Expired,05/07/2020,24/01/2025,13/12/2023
P0416,C0390,Expired,03/11/2020,20/06/2024,07/02/2024
P0417,C0157,Expired,08/08/2022,08/04/2025,22/08/2023
P0418,C0152,Active,03/03/2022,NULL,04/05/2025
P0419,C0668,Active,03/10/2021,NULL,01/02/2024
P0420,C0042,Active,09/06/2023,NULL,30/01/2025
P0421,C0684,Active,12/05/2021,NULL,13/09/2024
P0422,C0233,Active,13/06/2022,NULL,26/02/2025
P0423,C0393,Active,08/06/2021,NULL,10/06/2023
P0424,C0768,Expired,15/09/2021,31/08/2024,20/05/2024
P0425,C0461,Expired,16/06/2023,05/12/2024,07/11/2023
P0426,C0324,Expired,06/12/2020,21/11/2024,11/10/2024
P0427,C0107,Active,24/08/2023,NULL,16/09/2023
P0428,C0318,Expired,27/01/2023,25/08/2024,08/07/2023
P0429,C0733,Active,19/01/2023,NULL,25/02/2025
P0430,C0199,Active,07/03/2024,NULL,13/04/2025
P0431,C0506,Active,11/02/2023,NULL,19/07/2024
P0432,C0640,Expired,28/02/2022,03/09/2024,12/10/2023
P0433,C0313,Active,01/06/2020,NULL,16/05/2024
P0434,C0079,Expired,08/10/2022,06/07/2024,25/11/2023
P0435,C0690,Expired,10/01/2022,10/01/2025,28/03/2025
P0436,C0026,Active,10/04/2021,NULL,22/11/2023
P0437,C0700,Active,02/04/2022,NULL,19/07/2024
P0438,C0853,Active,30/12/2023,NULL,05/09/2024
P0439,C0386,Active,15/03/2021,NULL,31/05/2024
P0440,C0331,Active,20/03/2022,NULL,16/10/2023
P0441,C0877,Active,14/05/2023,NULL,10/09/2023
P0442,C0460,Expired,18/06/2023,15/06/2024,08/03/2025
P0443,C0442,Expired,26/01/2023,05/10/2024,07/11/2024
P0444,C0813,Active,24/06/2023,NULL,06/03/2024
P0445,C0227,Expired,03/08/2021,29/07/2024,03/10/2023
P0446,C0325,Active,21/06/2022,NULL,12/10/2024
P0447,C0932,Expired,17/03/2022,18/07/2024,11/07/2024
P0448,C0311,Active,09/06/2023,NULL,08/06/2023
P0449,C0705,Expired,02/11/2022,04/06/2024,20/12/2024
P0450,C0985,Expired,19/01/2021,25/06/2024,01/07/2024
P0451,C0314,Expired,31/05/2020,08/09/2024,12/10/2023
P0452,C0490,Active,03/08/2020,NULL,19/05/2024
P0453,C0563,Expired,18/09/2023,04/11/2024,11/12/2023
P0454,C0140,Active,30/05/2020,NULL,22/03/2025
P0455,C0685,Active,13/09/2023,NULL,26/02/2024
P0456,C0384,Expired,21/07/2022,04/09/2024,28/12/2023
P0457,C0309,Expired,03/02/2022,01/08/2024,29/11/2023
P0458,C0246,Expired,27/03/2022,15/05/2024,30/06/2023
P0459,C0863,Active,26/12/2020,NULL,28/04/2024
P0460,C0496,Active,22/06/2020,NULL,29/08/2024
P0461,C0444,Active,28/04/2024,NULL,08/02/2025
P0462,C0519,Expired,13/06/2020,21/11/2024,26/01/2024
P0463,C0524,Expired,27/12/2020,10/05/2024,19/04/2025
P0464,C0563,Expired,08/03/2021,01/11/2024,27/10/2024
P0465,C0357,Expired,02/09/2022,14/11/2024,19/08/2024
P0466,C0873,Expired,20/01/2023,21/06/2024,28/11/2023
P0467,C0773,Expired,28/07/2021,04/01/2025,06/11/2024
P0468,C0828,Active,20/06/2022,NULL,22/07/2023
P0469,C0646,Expired,20/01/2024,04/04/2025,13/06/2023
P0470,C0761,Active,25/09/2023,NULL,09/07/2023
P0471,C0628,Active,24/01/2024,NULL,26/10/2023
P0472,C0484,Expired,17/04/2023,24/12/2024,24/08/2023
P0473,C0566,Expired,14/02/2024,04/06/2024,20/02/2024
P0474,C0989,Expired,04/09/2021,16/07/2024,04/04/2025
P0475,C0812,Expired,08/10/2020,04/10/2024,25/01/2024
P0476,C0444,Active,17/08/2021,NULL,23/10/2024
P0477,C0657,Expired,09/10/2022,30/03/2025,05/05/2025
P0478,C0414,Active,11/06/2020,NULL,23/12/2024
P0479,C0175,Expired,12/12/2021,28/10/2024,10/07/2024
P0480,C0496,Active,12/03/2024,NULL,09/08/2023
P0481,C0315,Active,25/02/2023,NULL,30/11/2023
P0482,C0451,Active,30/04/2024,NULL,28/10/2023
P0483,C0965,Expired,22/05/2022,24/12/2024,10/05/2024
P0484,C0647,Expired,09/09/2022,30/10/2024,22/06/2024
P0485,C0652,Active,03/04/2023,NULL,22/02/2024
P0486,C0291,Active,16/12/2022,NULL,11/12/2024
P0487,C0146,Expired,19/09/2021,06/09/2024,27/09/2023
P0488,C0611,Active,11/02/2023,NULL,24/02/2024
P0489,C0940,Expired,10/10/2021,07/02/2025,29/06/2024
P0490,C0042,Expired,01/08/2021,18/07/2024,14/08/2023
P0491,C0435,Active,13/09/2020,NULL,16/11/2024
P0492,C0120,Active,17/11/2020,NULL,08/10/2024
P0493,C0922,Expired,07/10/2022,15/11/2024,12/09/2024
P0494,C0542,Expired,06/01/2023,01/10/2024,19/06/2023
P0495,C0606,Expired,21/04/2024,01/05/2025,05/12/2023
P0496,C0749,Active,07/12/2021,NULL,14/08/2023
P0497,C0265,Active,17/08/2022,NULL,18/02/2025
P0498,C0381,Active,04/10/2023,NULL,19/07/2023
P0499,C0465,Expired,30/05/2022,09/07/2024,14/01/2025
P0500,C0220,Active,08/09/2020,NULL,24/01/2024
P0501,C0503,Expired,04/08/2020,09/08/2024,30/03/2025
P0502,C0027,Expired,13/04/2023,20/04/2025,11/10/2023
P0503,C0775,Active,29/10/2021,NULL,25/08/2024
P0504,C0173,Active,15/07/2020,NULL,31/05/2024
P0505,C0709,Expired,17/01/2022,29/01/2025,15/12/2023
P0506,C0953,Expired,09/09/2021,24/10/2024,04/02/2025
P0507,C0933,Active,15/03/2022,NULL,04/12/2023
P0508,C0433,Active,19/10/2021,NULL,16/04/2024
P0509,C0418,Expired,31/08/2021,22/11/2024,07/11/2024
P0510,C0795,Expired,08/10/2021,27/01/2025,30/04/2024
P0511,C1000,Expired,28/10/2020,28/10/2024,05/05/2024
P0512,C0337,Active,11/04/2024,NULL,02/08/2023
P0513,C0877,Active,25/04/2022,NULL,19/06/2024
P0514,C0747,Active,04/07/2023,NULL,19/06/2023
P0515,C0366,Active,16/07/2021,NULL,23/09/2024
P0516,C0189,Active,29/01/2023,NULL,23/12/2023
P0517,C0052,Active,12/05/2020,NULL,04/01/2025
P0518,C0551,Expired,10/01/2023,01/02/2025,03/12/2023
P0519,C0835,Active,02/09/2022,NULL,04/09/2024
P0520,C0221,Active,24/12/2022,NULL,17/02/2024
P0521,C0858,Active,20/01/2024,NULL,27/04/2024
P0522,C0318,Active,07/07/2023,NULL,08/09/2024
P0523,C0785,Active,14/09/2023,NULL,07/06/2024
P0524,C0267,Active,25/03/2024,NULL,09/09/2024
P0525,C0297,Expired,07/07/2021,12/10/2024,23/03/2024
P0526,C0196,Active,18/12/2021,NULL,15/11/2023
P0527,C0150,Active,28/12/2020,NULL,17/05/2024
P0528,C0367,Expired,04/12/2022,16/12/2024,03/04/2025
P0529,C0623,Expired,29/07/2020,13/09/2024,26/11/2024
P0530,C0811,Active,18/09/2022,NULL,19/09/2024
P0531,C0013,Expired,22/10/2023,18/01/2025,08/10/2024
P0532,C0741,Expired,16/12/2021,07/06/2024,26/03/2025
P0533,C0280,Active,31/12/2022,NULL,13/11/2023
P0534,C0880,Expired,02/06/2023,15/09/2024,16/10/2024
P0535,C0242,Expired,24/07/2020,21/09/2024,12/07/2024
P0536,C0104,Expired,09/12/2020,19/03/2025,28/06/2023
P0537,C0617,Active,22/06/2021,NULL,16/09/2024
P0538,C0084,Expired,07/05/2020,27/08/2024,01/03/2025
P0539,C0285,Expired,03/07/2021,18/02/2025,15/07/2023
P0540,C0521,Expired,25/12/2021,18/03/2025,10/06/2023
P0541,C0661,Expired,27/09/2022,05/02/2025,28/04/2025
P0542,C0116,Expired,19/03/2024,08/01/2025,09/02/2025
P0543,C0157,Expired,02/08/2022,04/10/2024,10/08/2023
P0544,C0845,Active,16/10/2021,NULL,02/01/2025
P0545,C0245,Active,09/04/2022,NULL,17/03/2025
P0546,C0453,Active,02/04/2024,NULL,15/10/2024
P0547,C0650,Expired,07/09/2023,28/08/2024,11/01/2025
P0548,C0729,Active,11/09/2020,NULL,20/10/2024
P0549,C0286,Active,03/09/2022,NULL,08/11/2023
P0550,C0348,Expired,20/11/2023,19/01/2025,18/10/2023
P0551,C0287,Active,18/12/2020,NULL,26/04/2025
P0552,C0008,Expired,10/08/2023,01/07/2024,24/06/2024
P0553,C0882,Active,08/07/2022,NULL,12/02/2025
P0554,C0220,Expired,31/08/2022,19/09/2024,31/05/2023
P0555,C0420,Active,20/06/2022,NULL,09/11/2024
P0556,C0323,Expired,16/04/2021,25/07/2024,30/01/2025
P0557,C0610,Active,27/09/2022,NULL,28/06/2023
P0558,C0626,Expired,22/08/2023,30/04/2025,29/12/2023
P0559,C0227,Active,13/05/2022,NULL,11/04/2024
P0560,C0693,Active,05/02/2023,NULL,10/10/2024
P0561,C0810,Active,20/01/2022,NULL,25/07/2024
P0562,C0748,Expired,20/03/2022,17/03/2025,31/12/2023
P0563,C0135,Expired,30/12/2021,03/03/2025,30/10/2023
P0564,C0483,Active,01/09/2022,NULL,04/11/2024
P0565,C0110,Expired,30/12/2023,13/11/2024,20/04/2024
P0566,C0273,Expired,20/09/2023,15/09/2024,09/04/2025
P0567,C0487,Expired,23/11/2022,06/01/2025,15/12/2024
P0568,C0341,Active,29/04/2022,NULL,12/10/2024
P0569,C0110,Expired,26/03/2023,09/10/2024,22/06/2024
P0570,C0880,Expired,13/08/2023,31/03/2025,24/04/2025
P0571,C0838,Active,19/01/2022,NULL,13/10/2024
P0572,C0573,Active,24/12/2023,NULL,26/12/2023
P0573,C0635,Expired,14/04/2022,26/12/2024,12/02/2025
P0574,C0319,Expired,23/09/2023,01/06/2024,22/06/2023
P0575,C0327,Active,06/10/2023,NULL,23/05/2024
P0576,C0989,Active,19/03/2024,NULL,30/10/2024
P0577,C0251,Expired,21/04/2021,10/04/2025,12/10/2023
P0578,C0560,Expired,12/08/2021,24/05/2024,18/09/2023
P0579,C0777,Active,31/12/2021,NULL,14/03/2025
P0580,C0369,Active,18/05/2020,NULL,04/02/2024
P0581,C0081,Active,29/03/2022,NULL,23/02/2024
P0582,C0203,Active,09/09/2022,NULL,09/04/2025
P0583,C0134,Expired,08/04/2022,01/07/2024,06/06/2023
P0584,C0477,Expired,17/07/2023,22/05/2024,26/05/2023
P0585,C0815,Active,03/08/2021,NULL,19/11/2023
P0586,C0569,Expired,16/09/2020,24/08/2024,03/02/2025
P0587,C0343,Expired,01/12/2020,02/11/2024,12/07/2024
P0588,C0843,Active,27/08/2022,NULL,21/07/2024
P0589,C0660,Expired,07/05/2020,22/04/2025,20/09/2023
P0590,C0950,Expired,02/01/2023,20/11/2024,16/02/2025
P0591,C0081,Active,04/03/2024,NULL,22/12/2023
P0592,C0151,Active,14/10/2021,NULL,30/08/2023
P0593,C0670,Active,28/12/2021,NULL,27/12/2023
P0594,C0928,Expired,01/10/2022,06/02/2025,01/08/2023
P0595,C0613,Active,05/06/2023,NULL,23/04/2025
P0596,C0838,Active,02/11/2022,NULL,05/01/2025
P0597,C0459,Expired,10/09/2023,14/08/2024,17/08/2023
P0598,C0713,Active,24/03/2023,NULL,01/05/2025
P0599,C0698,Active,23/01/2023,NULL,26/03/2025
P0600,C0250,Active,01/06/2022,NULL,19/05/2023
P0601,C0523,Expired,14/07/2023,09/07/2024,27/05/2023
P0602,C0152,Expired,05/04/2023,08/10/2024,02/10/2024
P0603,C0414,Active,05/07/2022,NULL,16/07/2023
P0604,C0163,Active,08/05/2020,NULL,16/04/2025
P0605,C0296,Expired,30/10/2021,18/01/2025,03/09/2023
P0606,C0685,Active,19/12/2023,NULL,13/06/2024
P0607,C0724,Expired,26/03/2022,22/04/2025,16/11/2023
P0608,C0212,Active,04/03/2022,NULL,10/07/2024
P0609,C0440,Expired,25/06/2020,28/02/2025,29/11/2024
P0610,C0953,Expired,05/07/2021,05/03/2025,12/11/2023
P0611,C0323,Expired,16/04/2024,25/04/2025,23/05/2023
P0612,C0056,Active,05/09/2023,NULL,27/09/2024
P0613,C0761,Active,24/10/2022,NULL,24/03/2024
P0614,C0592,Active,08/10/2020,NULL,21/11/2023
P0615,C0247,Active,13/03/2024,NULL,10/12/2024
P0616,C0823,Expired,17/04/2021,23/09/2024,08/06/2024
P0617,C0685,Expired,07/06/2020,02/02/2025,31/07/2023
P0618,C0652,Expired,26/10/2023,03/07/2024,08/01/2025
P0619,C0053,Active,08/05/2021,NULL,25/11/2024
P0620,C0625,Active,06/01/2024,NULL,02/03/2024
P0621,C0105,Active,03/09/2023,NULL,24/01/2024
P0622,C0165,Expired,12/05/2021,29/07/2024,12/06/2023
P0623,C0258,Expired,10/02/2024,10/09/2024,02/03/2025
P0624,C0359,Expired,03/07/2020,28/06/2024,29/06/2023
P0625,C0970,Expired,08/08/2022,23/05/2024,07/06/2024
P0626,C0281,Active,05/02/2023,NULL,23/01/2024
P0627,C0568,Active,25/09/2020,NULL,24/10/2023
P0628,C0690,Expired,24/06/2022,11/07/2024,15/09/2024
P0629,C0550,Active,22/08/2023,NULL,25/10/2023
P0630,C0615,Active,18/04/2024,NULL,21/07/2024
P0631,C0234,Active,05/12/2023,NULL,27/04/2025
P0632,C0298,Active,26/02/2023,NULL,18/12/2024
P0633,C0623,Expired,16/09/2020,09/01/2025,12/03/2025
P0634,C0308,Expired,25/11/2022,01/12/2024,11/01/2024
P0635,C0629,Active,24/02/2024,NULL,06/12/2024
P0636,C0527,Expired,29/01/2021,01/04/2025,26/01/2025
P0637,C0309,Active,09/12/2021,NULL,07/10/2023
P0638,C0828,Expired,20/07/2020,16/12/2024,27/02/2024
P0639,C0847,Active,28/04/2024,NULL,05/05/2024
P0640,C0470,Expired,12/04/2022,17/03/2025,08/03/2025
P0641,C0445,Active,25/09/2020,NULL,06/03/2025
P0642,C0148,Expired,23/07/2020,28/05/2024,18/03/2025
P0643,C0007,Active,27/12/2023,NULL,14/12/2024
P0644,C0367,Active,31/08/2021,NULL,11/11/2023
P0645,C0995,Expired,07/07/2022,22/10/2024,21/08/2023
P0646,C0211,Expired,05/08/2022,26/10/2024,29/03/2025
P0647,C0130,Active,13/12/2020,NULL,17/01/2025
P0648,C0298,Expired,05/11/2022,05/01/2025,25/09/2023
P0649,C0426,Expired,29/12/2023,21/08/2024,27/12/2023
P0650,C0685,Expired,02/04/2023,11/02/2025,07/10/2024
P0651,C0874,Active,05/10/2020,NULL,12/09/2023
P0652,C0742,Active,08/02/2021,NULL,28/02/2024
P0653,C0805,Expired,09/01/2023,05/12/2024,19/03/2025
P0654,C0113,Expired,02/01/2023,14/04/2025,16/01/2024
P0655,C0543,Expired,27/08/2022,19/04/2025,10/02/2024
P0656,C0772,Expired,25/09/2021,31/01/2025,15/12/2023
P0657,C0122,Expired,09/03/2024,15/02/2025,05/12/2024
P0658,C0892,Active,07/03/2022,NULL,18/10/2023
P0659,C0733,Active,05/06/2020,NULL,29/04/2024
P0660,C0165,Active,01/11/2022,NULL,07/10/2024
P0661,C0780,Active,13/12/2021,NULL,02/02/2024
P0662,C0460,Active,28/03/2024,NULL,28/02/2024
P0663,C0235,Expired,19/11/2021,06/11/2024,21/02/2024
P0664,C0081,Expired,11/03/2022,19/03/2025,17/09/2024
P0665,C0376,Active,17/11/2021,NULL,14/05/2023
P0666,C0398,Active,29/06/2021,NULL,25/02/2024
P0667,C0836,Active,30/07/2021,NULL,23/11/2023
P0668,C0345,Expired,13/03/2021,09/01/2025,26/06/2023
P0669,C0329,Expired,15/05/2023,31/10/2024,12/03/2024
P0670,C0538,Active,12/05/2022,NULL,08/03/2024
P0671,C0606,Expired,12/03/2023,12/03/2025,18/09/2024
P0672,C0465,Expired,17/01/2021,19/04/2025,04/08/2024
P0673,C0207,Expired,01/02/2021,05/01/2025,04/04/2025
P0674,C0631,Expired,27/07/2022,30/12/2024,06/07/2024
P0675,C0424,Active,16/01/2022,NULL,14/08/2024
P0676,C0140,Expired,09/09/2023,13/07/2024,06/06/2024
P0677,C0174,Active,21/05/2022,NULL,16/03/2025
P0678,C0458,Active,05/07/2022,NULL,15/02/2024
P0679,C0343,Active,08/02/2021,NULL,24/07/2023
P0680,C0201,Active,29/09/2022,NULL,29/11/2023
P0681,C0248,Active,06/01/2024,NULL,27/12/2023
P0682,C0810,Active,14/09/2021,NULL,14/08/2023
P0683,C0102,Expired,03/09/2022,31/12/2024,28/05/2024
P0684,C0348,Active,19/07/2021,NULL,16/01/2025
P0685,C0662,Expired,18/05/2020,05/06/2024,09/04/2024
P0686,C0910,Expired,14/02/2023,15/12/2024,28/09/2023
P0687,C0656,Active,19/08/2021,NULL,16/04/2024
P0688,C0409,Active,14/09/2020,NULL,24/04/2025
P0689,C0284,Expired,23/08/2020,04/07/2024,05/12/2023
P0690,C0964,Active,23/02/2023,NULL,09/05/2024
P0691,C0399,Active,13/04/2024,NULL,01/03/2024
P0692,C0551,Expired,07/03/2023,20/06/2024,15/07/2023
P0693,C0522,Expired,20/10/2021,03/07/2024,16/02/2024
P0694,C0446,Expired,15/05/2023,25/01/2025,20/06/2023
P0695,C0706,Active,21/04/2024,NULL,04/02/2025
P0696,C0602,Expired,27/07/2021,26/02/2025,14/01/2025
P0697,C0874,Active,22/08/2022,NULL,18/10/2024
P0698,C0233,Active,19/03/2022,NULL,30/09/2023
P0699,C0312,Active,06/12/2023,NULL,22/06/2024
P0700,C0005,Expired,06/12/2020,26/03/2025,17/11/2024
P0701,C0642,Expired,21/09/2020,30/12/2024,19/01/2025
P0702,C0782,Expired,16/06/2022,24/12/2024,02/03/2024
P0703,C0677,Expired,02/11/2022,09/12/2024,18/07/2023
P0704,C0323,Active,13/06/2021,NULL,08/01/2025
P0705,C0527,Expired,19/08/2021,31/01/2025,23/08/2024
P0706,C0681,Active,24/06/2023,NULL,16/11/2024
P0707,C0655,Expired,05/02/2022,22/07/2024,28/10/2023
P0708,C0757,Expired,05/09/2022,07/03/2025,02/06/2023
P0709,C0537,Expired,25/04/2022,07/11/2024,03/08/2023
P0710,C0784,Expired,21/06/2021,07/07/2024,08/06/2024
P0711,C0836,Expired,22/04/2023,07/09/2024,25/03/2025
P0712,C0650,Expired,16/04/2023,06/12/2024,24/07/2023
P0713,C0991,Active,30/01/2023,NULL,20/04/2024
P0714,C0388,Active,25/01/2022,NULL,16/09/2024
P0715,C0396,Active,02/07/2023,NULL,11/04/2024
P0716,C0938,Expired,13/12/2020,15/10/2024,13/12/2023
P0717,C0288,Active,18/07/2022,NULL,22/05/2023
P0718,C0859,Active,15/11/2021,NULL,19/09/2023
P0719,C0896,Active,28/01/2024,NULL,23/05/2024
P0720,C0443,Expired,06/07/2020,03/05/2025,17/06/2023
P0721,C0536,Expired,21/01/2023,05/03/2025,06/07/2023
P0722,C0346,Active,16/01/2022,NULL,16/07/2024
P0723,C0753,Expired,14/08/2020,16/12/2024,03/07/2024
P0724,C0248,Expired,09/12/2020,12/06/2024,31/08/2024
P0725,C0283,Expired,04/04/2024,14/04/2025,03/07/2024
P0726,C0916,Active,17/12/2021,NULL,19/06/2023
P0727,C0027,Active,07/12/2021,NULL,23/12/2023
P0728,C0218,Expired,05/04/2023,12/04/2025,23/10/2023
P0729,C0482,Active,16/08/2021,NULL,01/07/2023
P0730,C0404,Active,30/05/2023,NULL,07/02/2024
P0731,C0225,Active,18/01/2021,NULL,29/04/2024
P0732,C0449,Expired,01/12/2022,18/12/2024,25/11/2024
P0733,C0229,Active,16/07/2022,NULL,08/04/2025
P0734,C0378,Expired,12/07/2021,05/01/2025,04/06/2024
P0735,C0687,Expired,09/10/2023,21/05/2024,07/12/2023
P0736,C0819,Active,06/12/2023,NULL,18/03/2025
P0737,C0410,Active,12/12/2021,NULL,25/05/2024
P0738,C0620,Expired,24/10/2022,30/12/2024,17/08/2024
P0739,C0489,Active,13/02/2022,NULL,05/05/2024
P0740,C0697,Active,02/11/2021,NULL,19/01/2024
P0741,C0746,Active,17/08/2020,NULL,03/02/2024
P0742,C0481,Expired,26/08/2022,26/07/2024,10/05/2023
P0743,C0606,Active,09/10/2021,NULL,18/06/2024
P0744,C0263,Active,18/05/2021,NULL,11/07/2024
P0745,C0719,Expired,21/08/2022,06/07/2024,21/08/2024
P0746,C0337,Active,15/01/2023,NULL,13/03/2025
P0747,C0895,Expired,19/05/2022,20/10/2024,25/07/2024
P0748,C0237,Active,29/05/2022,NULL,27/07/2024
P0749,C0748,Active,01/11/2022,NULL,21/01/2024
P0750,C0155,Active,09/09/2022,NULL,25/10/2024
P0751,C0651,Active,06/04/2024,NULL,16/11/2023
P0752,C0969,Active,17/12/2022,NULL,27/11/2023
P0753,C0464,Active,10/07/2023,NULL,25/09/2023
P0754,C0430,Active,12/10/2021,NULL,27/02/2024
P0755,C0826,Active,25/11/2020,NULL,06/11/2023
P0756,C0266,Active,26/04/2021,NULL,20/10/2024
P0757,C0712,Expired,17/02/2022,27/05/2024,01/04/2025
P0758,C0357,Expired,07/08/2022,11/06/2024,29/12/2023
P0759,C0872,Active,29/11/2020,NULL,13/01/2025
P0760,C0568,Active,02/10/2022,NULL,22/10/2023
P0761,C0865,Expired,09/10/2020,20/02/2025,20/12/2024
P0762,C0207,Expired,30/09/2020,06/12/2024,12/08/2024
P0763,C0801,Expired,23/03/2023,31/05/2024,18/05/2023
P0764,C0438,Expired,04/01/2021,28/07/2024,16/06/2023
P0765,C0744,Active,18/08/2023,NULL,29/06/2023
P0766,C0552,Active,31/08/2023,NULL,06/12/2023
P0767,C0012,Active,20/08/2021,NULL,01/02/2025
P0768,C0401,Active,26/08/2021,NULL,22/07/2024
P0769,C0786,Active,07/09/2020,NULL,14/06/2023
P0770,C0322,Active,23/07/2020,NULL,23/02/2024
P0771,C0412,Active,27/03/2021,NULL,12/10/2023
P0772,C0426,Active,06/12/2023,NULL,01/11/2024
P0773,C0880,Active,01/08/2022,NULL,17/01/2025
P0774,C0264,Expired,25/06/2021,12/06/2024,08/02/2025
P0775,C0758,Active,09/11/2020,NULL,07/02/2025
P0776,C0227,Active,23/04/2021,NULL,15/07/2024
P0777,C0634,Expired,14/02/2023,23/10/2024,08/07/2023
P0778,C0118,Active,07/08/2021,NULL,06/01/2025
P0779,C0584,Expired,12/07/2020,20/12/2024,11/07/2023
P0780,C0748,Expired,10/04/2023,30/03/2025,14/09/2023
P0781,C0793,Active,03/11/2020,NULL,12/02/2024
P0782,C0154,Active,18/04/2023,NULL,21/02/2025
P0783,C0689,Active,07/04/2023,NULL,15/12/2024
P0784,C0611,Active,04/05/2023,NULL,01/06/2024
P0785,C0626,Expired,12/07/2021,30/01/2025,11/07/2023
P0786,C0553,Expired,08/10/2022,10/01/2025,17/11/2024
P0787,C0444,Active,17/07/2021,NULL,12/06/2024
P0788,C0822,Expired,05/10/2020,31/05/2024,29/10/2023
P0789,C0140,Expired,09/07/2022,25/02/2025,03/10/2024
P0790,C0377,Active,02/12/2022,NULL,09/05/2023
P0791,C0505,Active,02/04/2021,NULL,05/12/2023
P0792,C0026,Active,31/12/2021,NULL,26/01/2025
P0793,C0292,Expired,19/12/2020,20/10/2024,21/02/2025
P0794,C0563,Active,23/02/2023,NULL,08/09/2023
P0795,C0994,Expired,02/02/2021,05/07/2024,20/08/2023
P0796,C0938,Expired,27/11/2022,30/12/2024,01/11/2024
P0797,C0593,Active,05/03/2022,NULL,06/09/2024
P0798,C0294,Expired,05/03/2024,09/05/2024,20/05/2023
P0799,C0479,Active,17/03/2021,NULL,24/12/2023
P0800,C0838,Active,23/06/2021,NULL,03/10/2023
P0801,C0077,Expired,28/03/2021,16/05/2024,09/09/2023
P0802,C0264,Expired,10/06/2021,25/03/2025,03/04/2025
P0803,C0571,Expired,26/09/2022,25/01/2025,17/12/2023
P0804,C0524,Active,20/10/2021,NULL,07/06/2023
P0805,C0477,Expired,17/12/2020,14/05/2024,24/04/2025
P0806,C0010,Expired,30/08/2021,08/12/2024,28/05/2023
P0807,C0138,Expired,14/04/2024,04/01/2025,02/01/2025
P0808,C0522,Active,14/06/2022,NULL,09/03/2024
P0809,C0996,Active,17/12/2021,NULL,06/09/2024
P0810,C0866,Active,20/12/2022,NULL,09/01/2025
P0811,C0188,Active,11/09/2022,NULL,15/04/2024
P0812,C0911,Expired,26/08/2023,21/01/2025,15/07/2024
P0813,C0095,Active,06/03/2024,NULL,22/07/2024
P0814,C0712,Expired,23/08/2020,17/03/2025,14/02/2024
P0815,C0509,Expired,02/01/2022,30/03/2025,20/11/2024
P0816,C0385,Active,23/08/2022,NULL,18/06/2024
P0817,C0005,Active,13/10/2020,NULL,31/10/2023
P0818,C0331,Expired,11/06/2021,15/06/2024,31/03/2024
P0819,C0150,Active,22/11/2022,NULL,06/11/2023
P0820,C0333,Expired,12/10/2023,17/02/2025,26/08/2024
P0821,C0454,Expired,04/12/2020,02/05/2025,22/09/2024
P0822,C0317,Expired,05/04/2022,16/08/2024,17/09/2024
P0823,C0295,Expired,14/05/2020,11/04/2025,09/09/2024
P0824,C0649,Active,02/08/2021,NULL,30/05/2023
P0825,C0409,Expired,19/08/2021,20/06/2024,09/03/2025
P0826,C0099,Expired,22/06/2020,08/04/2025,03/09/2023
P0827,C0212,Expired,01/08/2021,28/06/2024,28/02/2024
P0828,C0543,Active,18/07/2020,NULL,30/08/2024
P0829,C0946,Active,28/10/2023,NULL,17/06/2023
P0830,C0002,Expired,10/04/2021,27/06/2024,15/06/2023
P0831,C0038,Active,13/11/2022,NULL,31/10/2024
P0832,C0903,Expired,28/06/2020,16/07/2024,15/03/2025
P0833,C0710,Expired,07/12/2023,30/03/2025,08/12/2024
P0834,C0324,Active,10/12/2022,NULL,18/06/2024
P0835,C0941,Active,25/11/2021,NULL,18/07/2024
P0836,C0643,Active,15/02/2024,NULL,17/09/2023
P0837,C0152,Expired,01/08/2022,05/07/2024,20/04/2024
P0838,C0687,Expired,13/08/2020,14/10/2024,30/05/2023
P0839,C0286,Active,30/10/2020,NULL,30/04/2024
P0840,C0379,Active,31/07/2023,NULL,06/11/2024
P0841,C0808,Expired,24/12/2022,18/07/2024,29/11/2023
P0842,C0935,Expired,17/09/2022,10/08/2024,25/11/2023
P0843,C0221,Expired,14/04/2023,02/03/2025,27/09/2023
P0844,C0362,Active,28/12/2020,NULL,26/04/2025
P0845,C0423,Expired,01/05/2021,25/06/2024,05/02/2024
P0846,C0016,Active,17/08/2023,NULL,05/11/2024
P0847,C0874,Active,05/10/2023,NULL,12/01/2025
P0848,C0759,Expired,01/10/2020,20/03/2025,23/07/2023
P0849,C0250,Active,28/05/2023,NULL,29/06/2023
P0850,C0525,Active,18/11/2022,NULL,05/07/2024
P0851,C0732,Expired,14/10/2021,20/11/2024,09/11/2023
P0852,C0165,Active,03/05/2021,NULL,25/12/2023
P0853,C0196,Active,09/02/2021,NULL,27/09/2023
P0854,C0616,Expired,02/05/2021,06/10/2024,02/08/2024
P0855,C0669,Expired,26/09/2022,28/10/2024,30/04/2025
P0856,C0387,Active,23/06/2021,NULL,22/01/2024
P0857,C0706,Expired,07/06/2023,22/09/2024,19/11/2023
P0858,C0677,Active,22/01/2021,NULL,10/05/2024
P0859,C0220,Active,27/04/2024,NULL,11/11/2023
P0860,C0216,Active,15/08/2020,NULL,11/04/2025
P0861,C0072,Expired,13/11/2020,29/07/2024,12/05/2023
P0862,C0467,Expired,03/04/2021,27/11/2024,21/12/2023
P0863,C0803,Active,26/03/2023,NULL,02/05/2024
P0864,C0736,Active,16/04/2021,NULL,01/04/2024
P0865,C0194,Expired,02/01/2022,14/04/2025,04/05/2024
P0866,C0895,Active,21/03/2024,NULL,01/02/2024
P0867,C0956,Active,20/08/2023,NULL,31/03/2025
P0868,C0050,Active,28/04/2023,NULL,26/02/2025
P0869,C0397,Expired,12/09/2021,18/07/2024,22/03/2024
P0870,C0179,Expired,28/08/2023,25/12/2024,11/05/2023
P0871,C0518,Expired,17/09/2023,28/09/2024,29/07/2024
P0872,C0841,Active,15/11/2021,NULL,27/12/2023
P0873,C0037,Expired,16/11/2023,01/10/2024,10/07/2023
P0874,C0307,Active,14/08/2021,NULL,31/07/2024
P0875,C0865,Active,24/10/2020,NULL,29/01/2024
P0876,C0738,Active,25/07/2022,NULL,01/04/2025
P0877,C0724,Active,13/04/2023,NULL,01/09/2024
P0878,C0814,Active,25/07/2021,NULL,14/02/2024
P0879,C0302,Expired,07/04/2024,05/03/2025,09/03/2025
P0880,C0389,Active,12/05/2020,NULL,06/04/2025
P0881,C0496,Active,27/04/2022,NULL,22/10/2024
P0882,C0224,Expired,16/01/2021,06/12/2024,02/07/2023
P0883,C0110,Active,14/01/2021,NULL,23/07/2023
P0884,C0599,Active,25/03/2022,NULL,11/12/2023
P0885,C0792,Active,22/06/2020,NULL,24/08/2024
P0886,C0245,Expired,29/09/2022,29/10/2024,06/04/2024
P0887,C0103,Active,15/11/2023,NULL,30/12/2024
P0888,C0983,Active,23/11/2022,NULL,26/04/2024
P0889,C0526,Active,27/01/2022,NULL,15/07/2023
P0890,C0560,Expired,29/09/2023,07/01/2025,01/09/2023
P0891,C0741,Expired,07/03/2023,01/02/2025,07/05/2024
P0892,C0639,Expired,06/04/2023,13/02/2025,11/12/2024
P0893,C0726,Expired,27/07/2020,05/12/2024,16/10/2023
P0894,C0586,Expired,01/08/2023,03/06/2024,24/12/2023
P0895,C0390,Expired,11/02/2024,21/08/2024,06/03/2024
P0896,C0631,Expired,24/09/2023,23/01/2025,28/08/2023
P0897,C0302,Active,08/02/2021,NULL,14/07/2023
P0898,C0233,Expired,29/01/2024,18/02/2025,12/10/2023
P0899,C0396,Expired,27/02/2023,08/03/2025,19/05/2024
P0900,C0490,Active,01/03/2023,NULL,02/02/2024
P0901,C0815,Active,17/11/2021,NULL,28/03/2024
P0902,C0114,Active,21/06/2020,NULL,08/11/2024
P0903,C0616,Active,06/06/2022,NULL,01/01/2024
P0904,C0842,Expired,11/10/2021,24/01/2025,03/10/2023
P0905,C0476,Active,29/01/2024,NULL,23/02/2025
P0906,C0621,Active,21/09/2022,NULL,23/12/2024
P0907,C0771,Expired,14/03/2022,11/07/2024,21/04/2024
P0908,C0392,Active,09/09/2022,NULL,17/03/2025
P0909,C0760,Active,20/03/2021,NULL,17/04/2024
P0910,C0354,Expired,06/01/2022,20/09/2024,06/12/2023
P0911,C0848,Expired,01/09/2020,02/12/2024,03/08/2024
P0912,C0019,Expired,16/07/2023,10/04/2025,23/03/2025
P0913,C0592,Expired,18/10/2020,09/08/2024,29/05/2024
P0914,C0903,Expired,03/06/2023,06/04/2025,11/04/2024
P0915,C0692,Active,10/12/2020,NULL,18/02/2024
P0916,C0948,Active,31/01/2024,NULL,02/05/2025
P0917,C0464,Active,09/08/2023,NULL,13/04/2025
P0918,C0912,Expired,19/06/2022,21/09/2024,19/08/2023
P0919,C0583,Active,27/09/2022,NULL,26/10/2023
P0920,C0752,Active,14/12/2020,NULL,20/01/2024
P0921,C0356,Active,24/11/2023,NULL,18/06/2023
P0922,C0507,Active,30/05/2020,NULL,13/03/2025
P0923,C0295,Expired,07/04/2024,12/05/2024,09/05/2024
P0924,C0203,Expired,09/04/2021,26/03/2025,09/10/2024
P0925,C0074,Active,29/04/2021,NULL,17/12/2023
P0926,C0810,Active,18/01/2023,NULL,15/01/2025
P0927,C0969,Active,09/04/2022,NULL,17/05/2024
P0928,C0192,Active,02/01/2021,NULL,24/12/2023
P0929,C0316,Active,31/08/2023,NULL,23/10/2024
P0930,C0351,Active,03/12/2022,NULL,15/12/2023
P0931,C0644,Expired,22/10/2020,08/08/2024,29/04/2024
P0932,C0705,Expired,08/02/2022,04/05/2025,28/04/2025
P0933,C0638,Active,17/03/2024,NULL,16/08/2023
P0934,C0164,Expired,21/07/2023,30/05/2024,19/12/2024
P0935,C0706,Active,29/03/2021,NULL,17/12/2024
P0936,C0799,Expired,14/02/2022,21/04/2025,02/05/2024
P0937,C0744,Active,30/09/2021,NULL,23/03/2025
P0938,C0898,Active,08/03/2024,NULL,07/07/2024
P0939,C0029,Active,08/05/2023,NULL,03/11/2023
P0940,C0167,Active,11/03/2021,NULL,01/06/2024
P0941,C0664,Expired,24/08/2021,17/05/2024,17/08/2023
P0942,C0703,Active,25/05/2023,NULL,14/03/2024
P0943,C0717,Active,21/03/2022,NULL,23/01/2024
P0944,C0861,Active,16/09/2022,NULL,16/08/2023
P0945,C0151,Expired,20/10/2020,18/05/2024,20/01/2024
P0946,C0164,Active,19/06/2021,NULL,27/06/2023
P0947,C0425,Active,22/10/2022,NULL,03/09/2023
P0948,C0231,Active,04/05/2023,NULL,25/03/2025
P0949,C0430,Active,26/11/2020,NULL,05/05/2024
P0950,C0569,Expired,14/02/2022,07/02/2025,06/10/2023
P0951,C0191,Active,05/10/2023,NULL,12/09/2023
P0952,C0733,Active,08/02/2024,NULL,28/08/2023
P0953,C0117,Expired,14/02/2022,17/10/2024,19/02/2025
P0954,C0827,Expired,13/11/2023,23/04/2025,14/07/2023
P0955,C0976,Expired,09/08/2022,18/05/2024,03/10/2023
P0956,C0862,Active,10/01/2022,NULL,22/09/2024
P0957,C0930,Expired,23/09/2023,14/09/2024,08/05/2023
P0958,C0317,Expired,08/05/2022,27/01/2025,07/04/2024
P0959,C0275,Expired,23/02/2023,14/09/2024,17/05/2024
P0960,C0057,Active,22/07/2022,NULL,21/06/2023
P0961,C0357,Expired,03/02/2022,05/08/2024,17/12/2024
P0962,C0301,Expired,15/05/2020,30/01/2025,07/06/2023
P0963,C0396,Expired,11/03/2021,05/03/2025,09/06/2023
P0964,C0293,Expired,15/11/2023,30/03/2025,14/05/2023
P0965,C0289,Expired,24/04/2021,26/09/2024,14/04/2025
P0966,C0148,Active,14/01/2022,NULL,02/02/2024
P0967,C0264,Expired,26/03/2022,26/04/2025,29/03/2024
P0968,C0922,Active,12/09/2023,NULL,18/05/2024
P0969,C0913,Active,01/10/2023,NULL,10/09/2023
P0970,C0747,Active,03/06/2021,NULL,12/05/2023
P0971,C0463,Active,03/11/2022,NULL,11/07/2023
P0972,C0026,Expired,21/03/2023,13/08/2024,11/08/2023
P0973,C0059,Expired,21/04/2021,23/03/2025,13/04/2024
P0974,C0106,Expired,04/04/2023,17/05/2024,14/03/2025
P0975,C0624,Expired,28/07/2021,12/02/2025,07/06/2024
P0976,C0270,Expired,21/02/2021,07/03/2025,18/11/2024
P0977,C0863,Expired,21/04/2021,09/05/2024,24/01/2024
P0978,C0780,Active,17/01/2024,NULL,20/08/2024
P0979,C0743,Expired,05/01/2023,13/04/2025,02/05/2025
P0980,C0290,Active,02/08/2020,NULL,18/06/2023
P0981,C0949,Active,11/08/2021,NULL,16/12/2024
P0982,C0278,Active,12/06/2020,NULL,30/06/2024
P0983,C0316,Expired,13/05/2021,12/02/2025,21/10/2024
P0984,C0669,Expired,19/01/2023,02/06/2024,09/10/2023
P0985,C0070,Active,05/08/2020,NULL,18/12/2024
P0986,C0154,Expired,16/06/2023,14/11/2024,02/10/2024
P0987,C0272,Active,16/07/2023,NULL,24/08/2023
P0988,C1000,Active,17/11/2022,NULL,17/07/2023
P0989,C0876,Expired,27/01/2023,01/07/2024,13/01/2024
P0990,C0447,Expired,26/01/2021,07/08/2024,04/09/2023
P0991,C0044,Active,23/04/2021,NULL,17/03/2025
P0992,C0151,Expired,24/02/2024,09/02/2025,21/02/2025
P0993,C0138,Expired,29/10/2023,28/02/2025,30/12/2023
P0994,C0975,Active,27/07/2021,NULL,07/08/2024
P0995,C0896,Expired,02/04/2021,31/10/2024,21/07/2023
P0996,C0274,Expired,14/02/2021,13/05/2024,21/04/2024
P0997,C0561,Active,20/01/2022,NULL,19/12/2023
P0998,C0670,Active,04/06/2020,NULL,02/08/2023
P0999,C0677,Active,27/04/2021,NULL,16/08/2024
P1000,C0909,Active,12/09/2023,NULL,12/05/2024
P1028,C0339,Active,27/04/2021,NULL,06/02/2024
P1129,C0618,Active,12/03/2024,NULL,27/07/2024
P1130,C0806,Active,07/03/2021,NULL,12/04/2025
P1150,C0531,Active,22/01/2024,NULL,10/07/2024
P1151,C0066,Active,25/07/2021,NULL,05/06/2023
P1167,C0894,Active,22/10/2022,NULL,07/09/2024
P1192,C0908,Active,10/08/2023,NULL,24/07/2024
P1253,C0582,Active,26/06/2021,NULL,08/08/2023
P1259,C0502,Active,08/12/2022,NULL,08/08/2024
P1289,C0944,Active,25/03/2021,NULL,22/12/2024
P1290,C0581,Active,30/11/2023,NULL,27/09/2024
P1349,C0495,Active,05/03/2021,NULL,05/06/2024
P1360,C0776,Active,07/02/2022,NULL,23/03/2025
P1376,C0765,Active,11/05/2022,NULL,11/11/2024
P1391,C0358,Active,17/08/2022,NULL,19/07/2023
P1397,C0962,Active,01/05/2024,NULL,14/02/2024
P1439,C0672,Active,29/12/2023,NULL,22/09/2024
P1497,C0959,Active,29/10/2023,NULL,25/12/2024
P1527,C0701,Active,14/06/2021,NULL,12/04/2024
P1531,C0500,Active,28/11/2021,NULL,30/06/2024
P1554,C0326,Active,15/07/2023,NULL,23/06/2024
P1608,C0594,Active,05/05/2022,NULL,30/11/2023
P1631,C0068,Active,11/04/2024,NULL,22/05/2024
P1648,C0372,Active,11/05/2021,NULL,17/03/2025
P1689,C0702,Active,30/04/2023,NULL,03/12/2024
P1757,C0041,Active,08/12/2022,NULL,05/05/2025
P1759,C0952,Active,19/06/2022,NULL,19/05/2024
P1775,C0352,Active,28/03/2023,NULL,21/05/2024
P1793,C0878,Active,22/12/2021,NULL,24/01/2025
P1816,C0988,Active,03/06/2021,NULL,14/07/2023
P1849,C0824,Active,19/11/2020,NULL,13/08/2024
P1863,C0739,Active,04/08/2020,NULL,21/01/2024
P1886,C0368,Active,01/09/2023,NULL,23/08/2024
P1908,C0734,Active,06/09/2022,NULL,18/01/2025
P1919,C0696,Active,06/08/2021,NULL,13/06/2023
P1923,C0680,Active,25/06/2021,NULL,26/10/2024
P1929,C0597,Active,27/12/2022,NULL,25/03/2025
P1961,C0261,Active,02/03/2023,NULL,26/06/2023
P2000,C0790,Active,29/01/2023,NULL,16/02/2024
P2003,C0667,Active,11/09/2023,NULL,06/10/2024
P2050,C0031,Active,20/06/2023,NULL,21/09/2023
P2064,C0015,Active,13/05/2021,NULL,07/01/2024
P2106,C0432,Active,23/07/2020,NULL,29/07/2024
P2162,C0256,Active,25/02/2021,NULL,26/08/2024
P2198,C0787,Active,22/10/2022,NULL,24/09/2024
P2224,C0082,Active,02/03/2024,NULL,06/02/2024
P2226,C0087,Active,19/10/2021,NULL,06/06/2023
P2273,C0349,Active,28/10/2022,NULL,23/01/2025
P2361,C0596,Active,18/11/2021,NULL,22/12/2024
P2375,C0321,Active,23/01/2023,NULL,14/11/2024
P2379,C0595,Active,20/02/2024,NULL,28/05/2024
P2418,C0172,Active,07/12/2022,NULL,29/05/2023
P2434,C0707,Active,14/02/2024,NULL,09/07/2024
P2438,C0520,Active,04/10/2022,NULL,24/09/2024
P2441,C0180,Active,02/02/2023,NULL,30/04/2025
P2482,C0510,Active,26/11/2020,NULL,12/11/2023
P2500,C0548,Active,30/06/2021,NULL,15/05/2024
P2513,C0306,Active,21/04/2024,NULL,18/05/2023
P2523,C0035,Active,13/05/2021,NULL,12/04/2024
P2527,C0034,Active,08/02/2023,NULL,25/01/2024
P2545,C0699,Active,09/03/2024,NULL,28/01/2024
P2577,C0090,Active,20/10/2022,NULL,13/05/2024
P2579,C0893,Active,22/07/2022,NULL,12/07/2023
P2590,C0014,Active,20/04/2022,NULL,22/03/2025
P2591,C0365,Active,16/06/2021,NULL,09/07/2023
P2675,C0121,Active,10/12/2022,NULL,30/10/2023
P2679,C0415,Active,20/03/2024,NULL,21/01/2024
P2727,C0860,Active,23/10/2023,NULL,05/05/2024
P2735,C0906,Active,14/03/2023,NULL,16/11/2023
P2778,C0215,Active,05/11/2022,NULL,29/07/2024
P2800,C0239,Active,01/04/2021,NULL,17/07/2024
P2872,C0783,Active,25/01/2023,NULL,04/08/2024
P2916,C0514,Active,15/11/2023,NULL,04/06/2023
P2965,C0723,Active,30/10/2021,NULL,10/08/2024
P3038,C0411,Active,03/09/2022,NULL,18/12/2023
P3059,C0992,Active,17/05/2021,NULL,28/11/2023
P3060,C0604,Active,09/10/2021,NULL,01/08/2023
P3095,C0987,Active,19/01/2021,NULL,25/06/2023
P3143,C0277,Active,26/01/2021,NULL,18/10/2023
P3165,C0955,Active,13/05/2020,NULL,28/02/2024
P3167,C0269,Active,10/09/2020,NULL,07/10/2024
P3170,C0984,Active,23/03/2022,NULL,14/03/2024
P3172,C0632,Active,03/12/2023,NULL,11/10/2024
P3173,C0406,Active,08/06/2020,NULL,11/04/2025
P3176,C0902,Active,26/09/2021,NULL,26/12/2024
P3239,C0492,Active,02/08/2020,NULL,29/01/2025
P3268,C0162,Active,05/03/2021,NULL,16/08/2023
P3289,C0612,Active,27/09/2022,NULL,28/09/2024
P3310,C0587,Active,10/12/2022,NULL,26/10/2023
P3312,C0197,Active,01/06/2022,NULL,19/06/2024
P3351,C0450,Active,04/12/2021,NULL,13/02/2024
P3358,C0779,Active,29/04/2021,NULL,22/02/2025
P3362,C0299,Active,04/08/2020,NULL,13/07/2024
P3423,C0065,Active,11/02/2021,NULL,12/04/2025
P3426,C0885,Active,18/10/2023,NULL,11/08/2023
P3502,C0125,Active,19/04/2021,NULL,15/09/2023
P3562,C0809,Active,15/07/2021,NULL,26/07/2024
P3583,C0493,Active,25/12/2023,NULL,13/04/2024
P3609,C0917,Active,07/07/2022,NULL,13/10/2024
P3672,C0260,Active,15/08/2023,NULL,07/01/2024
P3700,C0575,Active,30/10/2023,NULL,28/08/2024
P3716,C0373,Active,25/11/2020,NULL,31/01/2025
P3757,C0143,Active,08/06/2021,NULL,30/04/2024
P3770,C0663,Active,12/09/2022,NULL,21/02/2024
P3817,C0883,Active,24/05/2020,NULL,02/01/2025
P3916,C0206,Active,14/01/2023,NULL,25/01/2024
P3953,C0244,Active,26/02/2024,NULL,28/07/2024
P3978,C0024,Active,26/03/2022,NULL,27/04/2024
P3988,C0817,Active,22/03/2023,NULL,07/05/2024
P3995,C0071,Active,16/02/2021,NULL,02/12/2024
P4008,C0181,Active,23/10/2023,NULL,13/09/2024
P4037,C0456,Active,20/11/2020,NULL,20/11/2023
P4061,C0767,Active,24/04/2023,NULL,29/03/2024
P4090,C0431,Active,29/07/2022,NULL,10/11/2023
P4094,C0452,Active,19/12/2020,NULL,23/09/2023
P4100,C0462,Active,13/01/2024,NULL,30/06/2023
P4113,C0630,Active,09/06/2023,NULL,06/06/2023
P4116,C0168,Active,13/05/2020,NULL,25/09/2024
P4132,C0905,Active,05/06/2021,NULL,08/10/2023
P4151,C0832,Active,09/08/2020,NULL,14/11/2023
P4154,C0195,Active,16/04/2022,NULL,18/09/2023
P4170,C0555,Active,12/04/2021,NULL,07/01/2024
P4191,C0834,Active,11/02/2023,NULL,06/01/2025
P4218,C0232,Active,13/11/2021,NULL,04/03/2024
P4268,C0076,Active,30/07/2021,NULL,05/02/2024
P4271,C0282,Active,26/04/2023,NULL,28/06/2023
P4308,C0100,Active,06/08/2021,NULL,01/01/2024
P4314,C0855,Active,24/01/2021,NULL,11/09/2024
P4315,C0158,Active,26/05/2023,NULL,03/09/2023
P4377,C0480,Active,16/05/2023,NULL,15/09/2024
P4438,C0879,Active,24/12/2023,NULL,07/08/2023
P4442,C0627,Active,24/09/2021,NULL,10/05/2024
P4449,C0402,Active,03/10/2020,NULL,25/03/2024
P4473,C0580,Active,08/05/2023,NULL,10/06/2023
P4518,C0171,Active,07/08/2020,NULL,22/09/2023
P4521,C0485,Active,20/12/2020,NULL,31/05/2023
P4533,C0564,Active,18/07/2021,NULL,07/11/2023
P4537,C0658,Active,14/06/2020,NULL,27/06/2023
P4553,C0202,Active,06/11/2021,NULL,13/05/2024
P4566,C0022,Active,13/04/2021,NULL,07/04/2025
P4623,C0375,Active,27/04/2022,NULL,28/08/2024
P4625,C0798,Active,18/06/2020,NULL,26/01/2024
P4644,C0511,Active,11/11/2023,NULL,15/03/2025
P4686,C0530,Active,30/08/2020,NULL,07/06/2024
P4691,C0427,Active,14/05/2021,NULL,10/09/2023
P4708,C0033,Active,03/02/2023,NULL,03/04/2025
P4771,C0223,Active,02/07/2020,NULL,05/06/2023
P4786,C0918,Active,05/09/2023,NULL,05/07/2023
P4797,C0891,Active,25/11/2021,NULL,07/02/2025
P4813,C0673,Active,27/03/2021,NULL,17/08/2023
P4824,C0073,Active,05/01/2021,NULL,13/10/2024
P4857,C0243,Active,12/02/2023,NULL,17/07/2023
P4902,C0437,Active,03/06/2021,NULL,21/11/2024
P4942,C0491,Active,02/12/2022,NULL,27/01/2024
P4985,C0017,Active,28/12/2021,NULL,31/07/2024
P5043,C0370,Active,09/07/2022,NULL,29/07/2024
P5054,C0254,Active,09/01/2023,NULL,29/07/2024
P5056,C0408,Active,11/09/2022,NULL,14/04/2025
P5069,C0820,Active,08/07/2021,NULL,09/03/2024
P5078,C0541,Active,03/04/2022,NULL,04/04/2024
P5094,C0259,Active,16/03/2024,NULL,22/11/2023
P5130,C0558,Active,24/09/2020,NULL,27/09/2024
P5174,C0686,Active,19/02/2021,NULL,06/02/2025
P5176,C0371,Active,03/03/2023,NULL,23/06/2023
P5181,C0210,Active,03/09/2023,NULL,22/12/2024
P5193,C0241,Active,16/03/2023,NULL,03/12/2024
P5238,C0572,Active,13/08/2021,NULL,12/04/2024
P5285,C0920,Active,11/05/2020,NULL,15/01/2024
P5349,C0126,Active,28/09/2022,NULL,31/03/2024
P5427,C0159,Active,19/12/2020,NULL,13/08/2024
P5432,C0335,Active,21/01/2023,NULL,27/11/2024
P5460,C0979,Active,18/11/2021,NULL,04/03/2025
P5468,C0268,Active,10/04/2023,NULL,24/01/2024
P5485,C0754,Active,19/03/2024,NULL,26/09/2024
P5499,C0051,Active,18/05/2020,NULL,29/08/2024
P5538,C0735,Active,07/03/2024,NULL,16/01/2025
P5628,C0147,Active,31/12/2021,NULL,25/09/2024
P5642,C0986,Active,28/05/2020,NULL,29/04/2025
P5684,C0303,Active,11/08/2023,NULL,21/07/2023
P5691,C0499,Active,16/04/2021,NULL,03/09/2024
P5762,C0886,Active,30/03/2023,NULL,03/05/2025
P5773,C0391,Active,02/01/2021,NULL,09/06/2024
P5821,C0549,Active,27/01/2022,NULL,27/01/2025
P5828,C0061,Active,07/10/2021,NULL,21/07/2023
P5839,C0556,Active,13/06/2021,NULL,30/07/2024
P5882,C0763,Active,21/11/2021,NULL,05/11/2023
P5899,C0078,Active,24/07/2022,NULL,12/06/2024
P5913,C0833,Active,14/04/2021,NULL,26/05/2024
P5975,C0055,Active,09/08/2022,NULL,20/08/2023
P6007,C0347,Active,23/02/2022,NULL,07/08/2023
P6033,C0800,Active,16/01/2024,NULL,20/06/2024
P6042,C0578,Active,09/04/2024,NULL,12/05/2024
P6045,C0899,Active,14/02/2022,NULL,10/04/2025
P6050,C0353,Active,28/09/2022,NULL,07/02/2024
P6102,C0934,Active,04/05/2022,NULL,26/09/2023
P6111,C0943,Active,04/12/2022,NULL,09/07/2023
P6123,C0919,Active,20/08/2022,NULL,14/09/2024
P6134,C0576,Active,22/06/2023,NULL,23/01/2024
P6155,C0731,Active,09/06/2021,NULL,05/10/2023
P6162,C0466,Active,08/05/2022,NULL,26/12/2023
P6180,C0557,Active,19/09/2022,NULL,17/05/2023
P6219,C0169,Active,24/04/2024,NULL,07/03/2025
P6277,C0770,Active,20/03/2021,NULL,09/05/2023
P6287,C0249,Active,01/06/2020,NULL,20/01/2024
P6290,C0764,Active,04/07/2021,NULL,19/10/2023
P6302,C0112,Active,06/04/2022,NULL,26/10/2023
P6309,C0455,Active,12/04/2023,NULL,09/03/2024
P6339,C0039,Active,10/10/2021,NULL,16/12/2024
P6353,C0111,Active,15/12/2021,NULL,02/06/2023
P6392,C0704,Active,24/05/2020,NULL,11/08/2023
P6393,C0428,Active,23/03/2023,NULL,03/07/2024
P6400,C0434,Active,28/06/2023,NULL,27/04/2025
P6431,C0478,Active,18/07/2022,NULL,16/07/2024
P6443,C0305,Active,06/04/2024,NULL,05/05/2025
P6455,C0139,Active,27/05/2022,NULL,13/11/2023
P6472,C0794,Active,17/05/2020,NULL,31/08/2024
P6515,C0360,Active,03/01/2024,NULL,08/02/2024
P6525,C0475,Active,23/03/2022,NULL,25/11/2023
P6546,C0676,Active,09/08/2021,NULL,21/05/2023
P6553,C0236,Active,26/03/2021,NULL,25/08/2023
P6574,C0871,Active,23/08/2023,NULL,24/03/2025
P6597,C0829,Active,02/04/2022,NULL,28/06/2023
P6600,C0166,Active,23/12/2020,NULL,18/09/2024
P6613,C0094,Active,07/02/2023,NULL,28/09/2023
P6623,C0021,Active,11/01/2022,NULL,15/12/2023
P6628,C0679,Active,16/11/2021,NULL,22/08/2024
P6646,C0750,Active,18/05/2021,NULL,13/09/2024
P6665,C0722,Active,27/02/2022,NULL,18/12/2024
P6678,C0200,Active,08/09/2022,NULL,01/05/2024
P6743,C0947,Active,24/03/2022,NULL,26/11/2024
P6760,C0320,Active,19/05/2020,NULL,08/10/2023
P6793,C0849,Active,04/01/2024,NULL,07/07/2024
P6863,C0907,Active,20/08/2022,NULL,10/02/2025
P6884,C0890,Active,07/01/2022,NULL,25/07/2023
P6936,C0844,Active,06/06/2023,NULL,23/01/2024
P6938,C0755,Active,11/07/2020,NULL,11/11/2024
P6946,C0830,Active,02/11/2023,NULL,07/11/2023
P6969,C0540,Active,05/02/2021,NULL,12/06/2023
P7039,C0310,Active,30/05/2020,NULL,29/07/2023
P7063,C0529,Active,06/09/2021,NULL,21/01/2024
P7085,C0821,Active,11/09/2021,NULL,05/04/2025
P7112,C0006,Active,06/10/2022,NULL,28/07/2024
P7126,C0160,Active,28/07/2023,NULL,14/03/2025
P7256,C0695,Active,05/07/2023,NULL,09/07/2024
P7258,C0974,Active,11/02/2022,NULL,14/02/2024
P7260,C0086,Active,28/10/2021,NULL,22/11/2024
P7281,C0925,Active,18/07/2022,NULL,16/01/2025
P7320,C0020,Active,08/09/2020,NULL,23/11/2023
P7344,C0047,Active,26/10/2022,NULL,16/09/2024
P7357,C0884,Active,28/11/2022,NULL,07/07/2024
P7372,C0915,Active,18/11/2022,NULL,02/04/2025
P7374,C0045,Active,16/02/2021,NULL,13/09/2023
P7378,C0666,Active,25/04/2021,NULL,11/08/2024
P7412,C0252,Active,24/02/2023,NULL,05/03/2024
P7446,C0545,Active,25/11/2021,NULL,11/06/2024
P7457,C0230,Active,02/09/2022,NULL,12/06/2023
P7458,C0980,Active,26/09/2023,NULL,01/06/2024
P7544,C0279,Active,03/09/2023,NULL,21/06/2023
P7559,C0868,Active,16/10/2021,NULL,17/07/2023
P7618,C0382,Active,23/07/2021,NULL,05/07/2023
P7637,C0857,Active,11/12/2022,NULL,18/11/2023
P7648,C0383,Active,11/07/2022,NULL,14/06/2023
P7683,C0439,Active,23/04/2021,NULL,11/10/2023
P7733,C0929,Active,16/06/2021,NULL,13/02/2024
P7743,C0539,Active,12/09/2021,NULL,20/10/2024
P7764,C0751,Active,17/09/2022,NULL,14/09/2024
P7815,C0421,Active,31/01/2022,NULL,04/05/2024
P7829,C0088,Active,03/06/2023,NULL,02/05/2025
P7858,C0718,Active,25/02/2024,NULL,04/07/2024
P7870,C0149,Active,10/01/2023,NULL,07/12/2024
P7887,C0589,Active,27/01/2024,NULL,10/06/2024
P7892,C0091,Active,26/06/2022,NULL,12/05/2024
P7944,C0534,Active,27/06/2021,NULL,13/10/2024
P7954,C0740,Active,01/08/2021,NULL,18/10/2024
P8024,C0226,Active,31/03/2022,NULL,27/02/2024
P8057,C0927,Active,29/05/2021,NULL,30/09/2024
P8062,C0214,Active,02/02/2021,NULL,13/12/2023
P8063,C0609,Active,21/05/2020,NULL,18/05/2024
P8086,C0781,Active,02/01/2023,NULL,03/09/2024
P8105,C0075,Active,04/04/2022,NULL,01/05/2025
P8115,C0488,Active,23/07/2020,NULL,22/08/2024
P8116,C0238,Active,18/02/2022,NULL,13/12/2024
P8118,C0807,Active,06/06/2023,NULL,05/05/2024
P8120,C0766,Active,14/08/2021,NULL,20/02/2024
P8159,C0003,Active,13/04/2021,NULL,26/10/2024
P8197,C0498,Active,14/01/2022,NULL,29/03/2025
P8217,C0840,Active,24/05/2021,NULL,23/01/2024
P8223,C0789,Active,31/01/2022,NULL,11/07/2023
P8227,C0011,Active,31/01/2021,NULL,07/07/2023
P8243,C0588,Active,14/01/2021,NULL,28/09/2024
P8252,C0993,Active,22/12/2023,NULL,24/12/2024
P8256,C0468,Active,10/06/2021,NULL,17/05/2023
P8296,C0257,Active,25/11/2021,NULL,23/08/2023
P8322,C0222,Active,27/09/2023,NULL,14/09/2023
P8364,C0671,Active,19/01/2024,NULL,20/03/2024
P8377,C0967,Active,18/08/2021,NULL,14/01/2025
P8381,C0069,Active,04/07/2022,NULL,22/06/2023
P8400,C0085,Active,08/05/2023,NULL,02/06/2024
P8429,C0562,Active,16/01/2024,NULL,28/06/2023
P8438,C0361,Active,18/05/2021,NULL,10/06/2024
P8446,C0745,Active,12/10/2022,NULL,08/07/2024
P8469,C0864,Active,27/04/2023,NULL,15/06/2023
P8485,C0240,Active,03/07/2021,NULL,28/04/2025
P8499,C0535,Active,26/05/2021,NULL,11/12/2023
P8524,C0471,Active,30/09/2023,NULL,03/04/2025
P8526,C0067,Active,07/02/2024,NULL,05/12/2023
P8537,C0728,Active,28/09/2021,NULL,18/01/2025
P8538,C0682,Active,06/07/2020,NULL,23/01/2025
P8540,C0364,Active,13/08/2020,NULL,01/06/2024
P8544,C0001,Active,05/07/2023,NULL,25/07/2023
P8593,C0058,Active,14/02/2023,NULL,20/01/2024
P8606,C0936,Active,28/10/2020,NULL,01/04/2025
P8626,C0119,Active,08/07/2020,NULL,30/11/2023
P8637,C0854,Active,25/01/2023,NULL,12/11/2023
P8673,C0633,Active,11/11/2022,NULL,08/09/2023
P8692,C0161,Active,11/09/2023,NULL,23/11/2024
P8713,C0554,Active,06/02/2024,NULL,26/04/2025
P8722,C0131,Active,11/05/2023,NULL,12/09/2023
P8728,C0870,Active,30/11/2021,NULL,05/09/2023
P8738,C0092,Active,07/11/2021,NULL,14/07/2023
P8759,C0334,Active,29/12/2020,NULL,06/07/2024
P8789,C0720,Active,22/06/2022,NULL,20/10/2023
P8852,C0951,Active,11/05/2023,NULL,03/05/2025
P8862,C0115,Active,24/03/2022,NULL,09/06/2023
P8877,C0040,Active,22/07/2022,NULL,11/02/2024
P8912,C0063,Active,12/11/2022,NULL,02/01/2025
P8913,C0659,Active,12/09/2020,NULL,26/08/2023
P8932,C0875,Active,24/08/2023,NULL,26/05/2024
P8964,C0607,Active,26/06/2023,NULL,02/02/2025
P8973,C0972,Active,13/04/2023,NULL,11/02/2024
P9015,C0645,Active,21/02/2022,NULL,01/04/2025
P9115,C0032,Active,02/06/2020,NULL,17/10/2024
P9147,C0954,Active,26/08/2023,NULL,19/04/2025
P9173,C0448,Active,22/01/2023,NULL,07/05/2023
P9182,C0028,Active,16/01/2023,NULL,28/08/2023
P9223,C0778,Active,09/05/2021,NULL,16/02/2024
P9244,C0923,Active,18/10/2021,NULL,20/10/2024
P9266,C0544,Active,16/11/2023,NULL,16/02/2024
P9412,C0429,Active,26/10/2020,NULL,15/06/2024
P9456,C0852,Active,13/09/2020,NULL,28/10/2024
P9482,C0405,Active,08/03/2024,NULL,31/08/2023
P9500,C0208,Active,22/02/2023,NULL,10/11/2024
P9520,C0374,Active,25/04/2023,NULL,09/03/2024
P9521,C0997,Active,23/03/2023,NULL,05/11/2024
P9579,C0818,Active,09/05/2023,NULL,01/11/2023
P9601,C0048,Active,02/04/2021,NULL,05/01/2024
P9609,C0957,Active,24/04/2022,NULL,21/11/2024
P9617,C0497,Active,20/05/2021,NULL,22/07/2024
P9619,C0971,Active,09/08/2022,NULL,21/05/2024
P9645,C0990,Active,13/07/2023,NULL,13/04/2025
P9777,C0837,Active,09/05/2023,NULL,31/03/2024
P9804,C0565,Active,16/07/2023,NULL,12/12/2023
P9820,C0968,Active,17/07/2023,NULL,10/10/2024
P9845,C0716,Active,14/12/2021,NULL,21/12/2023
P9860,C0205,Active,18/04/2022,NULL,10/07/2023
P9903,C0653,Active,02/02/2021,NULL,21/10/2024
P9919,C0942,Active,08/03/2023,NULL,16/02/2025
P9923,C0999,Active,03/08/2022,NULL,29/02/2024
P9946,C0547,Active,31/01/2023,NULL,17/06/2024
P9951,C0889,Active,10/04/2021,NULL,04/11/2023
