Policy_ID,Customer_ID,Policy_Type,Premium,Coverage_Amount,Status,SRC_TRANSACTION_DATE
P0001,C0344,Home,$476/mo,811510,Expired,10/03/2024
P0002,C0474,Health,$155/mo,817580,Active,17/09/2023
P0003,C0644,Health,$382/mo,248167,Active,03/10/2023
P0004,C0956,Health,$287/mo,627527,Active,20/11/2024
P0005,C0933,Health,$239/mo,307660,Expired,22/11/2023
P0006,C0664,Travel,$482/mo,697751,Active,01/09/2023
P0007,C0796,Home,$108/mo,747953,Active,18/03/2024
P0008,C0054,Home,$184/mo,477054,Expired,22/04/2025
P0009,C0231,Travel,$172/mo,215437,Active,23/09/2024
P0010,C0129,Health,$447/mo,991223,Active,16/09/2024
P0011,C0898,Health,$232/mo,774044,Active,13/02/2025
P0012,C0324,Life,$364/mo,572238,Active,08/05/2023
P0013,C0027,Travel,$276/mo,102854,Active,11/07/2024
P0014,C0103,Travel,$127/mo,143602,Expired,04/05/2024
P0015,C0336,Health,$204/mo,680561,Active,24/02/2025
P0016,C0105,Life,$196/mo,998382,Expired,22/12/2024
P0017,C0176,Home,$156/mo,17782,Active,30/01/2024
P0018,C0631,Home,$159/mo,387738,Active,13/03/2024
P0019,C0525,Travel,$168/mo,176092,Expired,26/07/2024
P0020,C0756,Life,$295/mo,884863,Expired,24/10/2024
P0021,C0441,Travel,$77/mo,326152,Expired,23/04/2025
P0022,C0517,Health,$265/mo,819745,Active,05/07/2024
P0023,C0958,Home,$83/mo,861538,Active,17/01/2025
P0024,C0643,Home,$345/mo,992736,Active,09/07/2023
P0025,C0052,Travel,$495/mo,278347,Expired,03/06/2024
P0026,C0869,Auto,$275/mo,953948,Active,10/06/2023
P0027,C0219,Health,$334/mo,136035,Active,20/07/2023
P0028,C0309,Home,$340/mo,967050,Expired,27/05/2024
P0029,C0151,Health,$418/mo,248358,Active,20/06/2024
P0030,C0981,Home,$86/mo,720333,Active,16/11/2023
P0031,C0424,Auto,$420/mo,186693,Expired,26/07/2023
P0032,C0977,Life,$119/mo,617358,Expired,03/08/2023
P0033,C0308,Auto,$250/mo,550802,Expired,16/09/2024
P0034,C0519,Travel,$187/mo,727636,Expired,10/09/2023
P0035,C0795,Life,$460/mo,510854,Expired,20/12/2024
P0036,C0513,Health,$386/mo,723888,Active,15/07/2023
P0037,C0403,Travel,$242/mo,353947,Active,27/03/2025
P0038,C0128,Life,$477/mo,644814,Active,26/02/2024
P0039,C0153,Auto,$142/mo,33664,Expired,15/06/2023
P0040,C0183,Life,$305/mo,51078,Active,04/04/2024
P0041,C0363,Health,$214/mo,133734,Active,10/05/2024
P0042,C0167,Travel,$247/mo,451607,Active,09/04/2025
P0043,C0772,Health,$293/mo,258343,Expired,28/08/2023
P0044,C0404,Travel,$346/mo,299384,Expired,03/07/2023
P0045,C0465,Life,$316/mo,528265,Active,23/01/2025
P0046,C0189,Life,$238/mo,91976,Expired,24/07/2023
P0047,C0046,Health,$83/mo,938474,Active,22/08/2024
P0048,C0689,Home,$175/mo,215001,Active,10/09/2024
P0049,C0961,Life,$262/mo,953318,Active,25/08/2024
P0050,C0419,Auto,$154/mo,913652,Expired,21/09/2024
P0051,C0043,Health,$77/mo,560713,Active,21/09/2024
P0052,C0898,Health,$163/mo,302095,Expired,19/11/2023
P0053,C0027,Life,$485/mo,696690,Expired,06/03/2024
P0054,C0670,Health,$357/mo,301438,Active,08/10/2024
P0055,C0494,Life,$481/mo,855391,Active,07/11/2024
P0056,C0887,Auto,$223/mo,198088,Active,12/09/2024
P0057,C0473,Auto,$419/mo,472127,Expired,25/01/2024
P0058,C0914,Travel,$343/mo,667537,Expired,22/06/2024
P0059,C0146,Travel,$236/mo,701195,Active,29/01/2024
P0060,C0056,Travel,$351/mo,576618,Expired,15/06/2024
P0061,C0155,Auto,$217/mo,800546,Active,23/11/2023
P0062,C0207,Life,$80/mo,183519,Active,05/11/2024
P0063,C0691,Travel,$350/mo,388960,Expired,19/07/2023
P0064,C0323,Life,$291/mo,81538,Expired,11/07/2023
P0065,C0285,Travel,$124/mo,321643,Active,06/07/2024
P0066,C0903,Home,$233/mo,864171,Active,04/09/2023
P0067,C0771,Life,$328/mo,888703,Expired,09/05/2024
P0068,C0598,Travel,$280/mo,102536,Expired,19/04/2024
P0069,C0831,Health,$274/mo,586037,Active,14/03/2025
P0070,C0025,Home,$257/mo,257771,Active,26/06/2023
P0071,C0538,Life,$155/mo,400729,Expired,02/03/2024
P0072,C0709,Health,$138/mo,921954,Active,17/10/2024
P0073,C0036,Health,$210/mo,238763,Active,22/08/2024
P0074,C0579,Home,$100/mo,430773,Expired,08/05/2023
P0075,C0543,Auto,$497/mo,324820,Expired,23/04/2024
P0076,C0461,Travel,$330/mo,525414,Active,25/10/2023
P0077,C0255,Travel,$63/mo,963892,Expired,24/04/2024
P0078,C0388,Life,$50/mo,92802,Active,18/05/2024
P0079,C0385,Health,$51/mo,379168,Active,11/02/2025
P0080,C0190,Auto,$357/mo,289735,Expired,05/07/2024
P0081,C0170,Home,$450/mo,631740,Active,25/07/2023
P0082,C0350,Life,$74/mo,915757,Active,20/04/2024
P0083,C0079,Travel,$89/mo,829892,Expired,18/01/2024
P0084,C0850,Travel,$237/mo,314765,Active,15/04/2024
P0085,C0127,Health,$203/mo,339429,Expired,19/04/2025
P0086,C0422,Home,$367/mo,396590,Expired,23/03/2025
P0087,C0469,Travel,$276/mo,315395,Expired,12/05/2023
P0088,C0062,Life,$227/mo,707157,Expired,07/12/2024
P0089,C0188,Home,$213/mo,101591,Active,21/08/2023
P0090,C0851,Travel,$162/mo,639430,Active,13/12/2023
P0091,C0737,Health,$492/mo,705774,Active,29/07/2023
P0092,C0209,Auto,$387/mo,169303,Active,25/02/2025
P0093,C0777,Auto,$278/mo,87413,Expired,27/01/2024
P0094,C0340,Auto,$488/mo,600761,Active,16/04/2024
P0095,C0966,Travel,$418/mo,181478,Active,05/06/2023
P0096,C0933,Travel,$153/mo,168837,Active,12/06/2024
P0097,C0250,Life,$65/mo,510891,Active,08/06/2023
P0098,C0385,Home,$154/mo,981259,Expired,20/10/2024
P0099,C0761,Life,$406/mo,138041,Expired,05/07/2023
P0100,C0561,Life,$140/mo,90465,Expired,04/11/2023
P0101,C0683,Auto,$427/mo,752929,Expired,29/10/2024
P0102,C0605,Health,$76/mo,134321,Expired,08/04/2025
P0103,C0213,Health,$378/mo,173180,Expired,03/02/2024
P0104,C0403,Travel,$306/mo,741694,Active,31/12/2023
P0105,C0110,Home,$115/mo,20415,Expired,07/06/2023
P0106,C0486,Auto,$217/mo,344079,Expired,15/06/2023
P0107,C0761,Home,$175/mo,673311,Active,18/02/2024
P0108,C0583,Travel,$436/mo,532166,Active,04/03/2025
P0109,C0603,Life,$323/mo,348984,Expired,21/03/2025
P0110,C0803,Auto,$406/mo,433695,Expired,18/08/2023
P0111,C0213,Auto,$278/mo,729860,Active,15/05/2024
P0112,C0013,Travel,$180/mo,283056,Active,06/11/2024
P0113,C0853,Home,$183/mo,777648,Expired,18/12/2024
P0114,C0782,Travel,$499/mo,411133,Active,04/07/2024
P0115,C0330,Life,$204/mo,943541,Active,07/11/2024
P0116,C0831,Auto,$376/mo,421835,Expired,01/03/2024
P0117,C0866,Auto,$186/mo,405939,Active,10/03/2024
P0118,C0816,Health,$94/mo,970629,Active,14/04/2025
P0119,C0453,Auto,$99/mo,718251,Active,20/05/2023
P0120,C0708,Travel,$320/mo,239318,Active,20/05/2024
P0121,C0173,Life,$183/mo,177135,Expired,14/02/2025
P0122,C0586,Travel,$156/mo,238957,Active,19/08/2024
P0123,C0029,Home,$161/mo,918032,Expired,11/02/2025
P0124,C0271,Health,$319/mo,349543,Expired,01/03/2025
P0125,C0242,Life,$355/mo,135341,Active,14/12/2024
P0126,C0124,Travel,$271/mo,247787,Active,23/02/2024
P0127,C0472,Life,$439/mo,427618,Expired,28/03/2024
P0128,C0217,Auto,$348/mo,884906,Active,19/06/2024
P0129,C0472,Travel,$483/mo,865500,Active,12/02/2024
P0130,C0683,Travel,$388/mo,153846,Expired,21/03/2024
P0131,C0985,Home,$328/mo,77553,Active,10/02/2024
P0132,C0052,Health,$248/mo,645531,Active,05/07/2023
P0133,C0192,Life,$323/mo,457646,Expired,30/04/2025
P0134,C0825,Home,$320/mo,789574,Expired,20/02/2024
P0135,C0324,Travel,$294/mo,312436,Active,25/05/2024
P0136,C0420,Life,$196/mo,994283,Expired,29/11/2024
P0137,C0301,Auto,$450/mo,757900,Active,08/10/2023
P0138,C0802,Travel,$214/mo,659923,Expired,22/03/2024
P0139,C0995,Home,$102/mo,762744,Expired,14/11/2024
P0140,C0949,Health,$304/mo,326435,Active,21/06/2024
P0141,C0748,Life,$384/mo,192406,Expired,09/07/2023
P0142,C0727,Life,$237/mo,92107,Expired,21/12/2024
P0143,C0187,Home,$392/mo,505075,Active,18/12/2024
P0144,C0963,Life,$208/mo,414670,Active,22/03/2025
P0145,C0559,Health,$364/mo,228788,Active,23/05/2024
P0146,C0105,Home,$70/mo,119840,Active,29/05/2024
P0147,C0847,Life,$163/mo,646190,Active,27/05/2024
P0148,C0198,Life,$488/mo,285000,Active,23/02/2025
P0149,C0901,Life,$64/mo,630714,Expired,30/05/2023
P0150,C0675,Travel,$311/mo,670840,Expired,21/02/2024
P0151,C0570,Home,$378/mo,734128,Active,09/09/2024
P0152,C0568,Health,$360/mo,607319,Expired,10/04/2025
P0153,C0698,Travel,$383/mo,224645,Expired,03/05/2024
P0154,C0430,Auto,$410/mo,170980,Active,27/10/2023
P0155,C0228,Travel,$330/mo,380495,Active,26/03/2024
P0156,C0367,Health,$441/mo,888801,Active,23/12/2024
P0157,C0151,Home,$209/mo,554757,Expired,16/10/2023
P0158,C0931,Health,$80/mo,632918,Active,17/01/2024
P0159,C0774,Health,$117/mo,516359,Expired,22/08/2023
P0160,C0501,Auto,$169/mo,323813,Expired,09/04/2024
P0161,C0620,Auto,$86/mo,979631,Active,06/12/2024
P0162,C0865,Health,$409/mo,398170,Active,27/07/2024
P0163,C0795,Auto,$342/mo,205823,Expired,28/05/2023
P0164,C0472,Life,$407/mo,653656,Expired,20/01/2024
P0165,C0758,Travel,$254/mo,12128,Expired,09/03/2024
P0166,C0043,Travel,$262/mo,124820,Active,15/12/2024
P0167,C0289,Home,$284/mo,253629,Active,25/02/2024
P0168,C0186,Home,$440/mo,421517,Expired,04/09/2024
P0169,C0865,Health,$354/mo,740250,Expired,14/03/2024
P0170,C0291,Auto,$291/mo,83220,Active,19/09/2024
P0171,C0134,Auto,$309/mo,380652,Expired,09/05/2023
P0172,C0030,Health,$449/mo,926824,Expired,29/06/2024
P0173,C0298,Home,$250/mo,874803,Active,25/01/2024
P0174,C0018,Auto,$324/mo,667947,Expired,14/04/2024
P0175,C0338,Life,$410/mo,881396,Expired,27/05/2024
P0176,C0128,Home,$159/mo,712501,Active,09/09/2023
P0177,C0515,Auto,$359/mo,778105,Active,06/02/2025
P0178,C0553,Health,$281/mo,16042,Expired,12/12/2024
P0179,C0316,Travel,$211/mo,848624,Active,22/12/2024
P0180,C0904,Life,$270/mo,458717,Expired,23/02/2025
P0181,C0141,Travel,$227/mo,859772,Expired,01/06/2023
P0182,C0591,Life,$82/mo,784644,Expired,11/10/2024
P0183,C0276,Home,$435/mo,59909,Active,20/07/2024
P0184,C0074,Travel,$132/mo,500115,Expired,07/09/2024
P0185,C0394,Auto,$112/mo,978803,Active,31/05/2023
P0186,C0337,Home,$499/mo,411474,Expired,05/10/2024
P0187,C0994,Life,$263/mo,203913,Expired,28/05/2023
P0188,C0057,Health,$363/mo,234355,Active,09/01/2025
P0189,C0192,Home,$167/mo,811602,Active,12/05/2024
P0190,C0619,Health,$329/mo,24200,Active,01/08/2024
P0191,C0504,Home,$206/mo,687852,Active,12/07/2023
P0192,C0080,Health,$217/mo,588951,Expired,28/05/2024
P0193,C0914,Auto,$103/mo,695867,Active,04/05/2024
P0194,C0838,Health,$100/mo,264760,Expired,05/07/2023
P0195,C0654,Auto,$285/mo,247816,Expired,24/05/2023
P0196,C0417,Travel,$131/mo,164628,Active,06/09/2023
P0197,C0872,Health,$253/mo,265465,Active,20/01/2024
P0198,C0110,Travel,$429/mo,658714,Active,13/09/2024
P0199,C0108,Travel,$166/mo,112767,Active,15/04/2025
P0200,C0023,Auto,$427/mo,20679,Active,30/01/2025
P0201,C0641,Health,$360/mo,521623,Expired,31/03/2024
P0202,C0600,Auto,$381/mo,573287,Active,28/05/2023
P0203,C0410,Life,$57/mo,212911,Expired,19/04/2024
P0204,C0637,Travel,$129/mo,584659,Expired,08/03/2025
P0205,C0416,Auto,$119/mo,244681,Active,29/04/2025
P0206,C0378,Life,$90/mo,132594,Expired,03/08/2023
P0207,C0380,Travel,$309/mo,890122,Active,01/11/2023
P0208,C0053,Life,$361/mo,224632,Expired,09/12/2023
P0209,C0461,Auto,$246/mo,75449,Active,29/04/2025
P0210,C0877,Home,$200/mo,276652,Active,16/03/2025
P0211,C0577,Life,$254/mo,217150,Active,03/08/2023
P0212,C0561,Home,$152/mo,309512,Active,19/06/2023
P0213,C0294,Health,$415/mo,291922,Expired,22/06/2024
P0214,C0355,Auto,$472/mo,945063,Active,01/05/2024
P0215,C0418,Auto,$162/mo,409715,Active,02/08/2023
P0216,C0882,Health,$398/mo,104503,Active,22/04/2024
P0217,C0585,Life,$449/mo,74218,Expired,13/08/2023
P0218,C0079,Travel,$473/mo,545656,Expired,17/09/2024
P0219,C0867,Travel,$491/mo,168822,Active,10/01/2024
P0220,C0182,Home,$252/mo,559973,Active,14/06/2023
P0221,C0300,Auto,$421/mo,122033,Active,18/02/2024
P0222,C0813,Home,$476/mo,88487,Expired,15/05/2024
P0223,C0463,Life,$383/mo,471026,Expired,06/06/2023
P0224,C0309,Life,$83/mo,833143,Active,02/01/2024
P0225,C0804,Home,$51/mo,605760,Active,13/05/2023
P0226,C0416,Travel,$62/mo,661905,Active,05/04/2024
P0227,C0343,Life,$477/mo,977232,Active,13/06/2023
P0228,C0362,Life,$91/mo,988782,Active,02/02/2024
P0229,C0839,Home,$283/mo,877966,Expired,30/04/2025
P0230,C0590,Auto,$268/mo,342078,Expired,11/11/2024
P0231,C0638,Travel,$471/mo,883670,Expired,06/01/2025
P0232,C0177,Auto,$466/mo,773168,Expired,15/11/2024
P0233,C0098,Travel,$295/mo,917285,Active,20/11/2024
P0234,C0096,Life,$76/mo,936165,Active,04/12/2023
P0235,C0646,Auto,$397/mo,804576,Expired,21/03/2025
P0236,C0636,Home,$290/mo,165162,Active,24/06/2024
P0237,C0532,Home,$70/mo,910310,Active,09/10/2023
P0238,C0867,Health,$230/mo,949627,Active,18/05/2024
P0239,C0109,Life,$299/mo,622881,Expired,30/08/2024
P0240,C0294,Health,$402/mo,816733,Active,28/03/2024
P0241,C0509,Life,$478/mo,553999,Active,20/01/2024
P0242,C0265,Home,$390/mo,845897,Active,20/03/2025
P0243,C0528,Home,$447/mo,135935,Active,31/07/2023
P0244,C0400,Health,$300/mo,581270,Active,18/04/2025
P0245,C0049,Travel,$411/mo,237903,Active,16/09/2023
P0246,C0782,Home,$489/mo,571391,Expired,29/12/2024
P0247,C0393,Health,$483/mo,374138,Active,29/09/2024
P0248,C0930,Auto,$171/mo,54447,Expired,07/01/2024
P0249,C0599,Life,$232/mo,71995,Expired,02/07/2023
P0250,C0296,Home,$420/mo,928940,Active,10/12/2024
P0251,C0508,Health,$267/mo,477710,Expired,26/12/2023
P0252,C0140,Health,$207/mo,478459,Expired,16/06/2023
P0253,C0250,Life,$111/mo,833057,Active,07/06/2023
P0254,C0973,Life,$386/mo,779525,Active,27/11/2024
P0255,C0989,Auto,$496/mo,952670,Active,20/07/2023
P0256,C0060,Home,$58/mo,49973,Active,16/09/2024
P0257,C0137,Life,$131/mo,381371,Expired,04/12/2023
P0258,C0897,Life,$184/mo,254434,Expired,05/10/2024
P0259,C0097,Health,$275/mo,489607,Active,15/08/2024
P0260,C0191,Health,$328/mo,652198,Active,22/10/2024
P0261,C0677,Home,$463/mo,612722,Expired,18/11/2023
P0262,C0177,Home,$375/mo,842090,Active,05/12/2024
P0263,C0523,Home,$362/mo,981939,Expired,06/10/2024
P0264,C0467,Travel,$61/mo,950086,Expired,02/09/2024
P0265,C0198,Travel,$195/mo,198738,Active,25/02/2025
P0266,C0142,Health,$486/mo,90152,Expired,03/11/2024
P0267,C0629,Auto,$232/mo,879609,Expired,27/02/2025
P0268,C0056,Life,$368/mo,910897,Expired,29/08/2024
P0269,C0567,Life,$221/mo,732024,Active,12/02/2025
P0270,C0289,Health,$201/mo,874015,Expired,17/06/2024
P0271,C0614,Health,$72/mo,27294,Active,01/07/2024
P0272,C0512,Home,$412/mo,651602,Expired,20/02/2024
P0273,C0982,Health,$406/mo,736925,Active,21/04/2025
P0274,C0185,Travel,$108/mo,12917,Active,30/01/2024
P0275,C0064,Travel,$416/mo,522995,Active,27/04/2025
P0276,C0865,Health,$206/mo,510581,Expired,26/07/2024
P0277,C0900,Life,$386/mo,293893,Expired,17/02/2024
P0278,C0711,Health,$407/mo,512714,Active,27/04/2025
P0279,C0715,Home,$470/mo,978450,Active,01/02/2025
P0280,C0826,Life,$458/mo,667518,Active,26/01/2025
P0281,C0481,Health,$194/mo,89484,Active,28/07/2024
P0282,C0710,Auto,$189/mo,389582,Active,28/08/2024
P0283,C0420,Auto,$302/mo,426586,Active,05/11/2023
P0284,C0608,Health,$52/mo,901970,Expired,03/06/2024
P0285,C0617,Auto,$307/mo,859761,Active,30/09/2024
P0286,C0342,Home,$303/mo,456372,Expired,19/04/2024
P0287,C0839,Home,$435/mo,273602,Expired,26/11/2023
P0288,C0093,Auto,$484/mo,617911,Expired,09/12/2024
P0289,C0651,Auto,$293/mo,840895,Expired,18/04/2025
P0290,C0123,Auto,$420/mo,365357,Active,21/04/2025
P0291,C0660,Health,$57/mo,236312,Active,23/07/2024
P0292,C0665,Auto,$105/mo,559625,Expired,20/06/2023
P0293,C0327,Health,$271/mo,484445,Expired,26/02/2024
P0294,C0328,Auto,$474/mo,920664,Expired,13/08/2024
P0295,C0721,Home,$353/mo,667159,Active,31/01/2025
P0296,C0714,Life,$297/mo,432884,Active,29/10/2023
P0297,C0931,Health,$62/mo,312032,Active,25/01/2024
P0298,C0614,Travel,$452/mo,559916,Active,12/03/2025
P0299,C0416,Travel,$106/mo,66707,Expired,04/05/2025
P0300,C0678,Home,$435/mo,398663,Expired,14/08/2024
P0301,C0079,Health,$456/mo,708692,Expired,10/03/2024
P0302,C0869,Auto,$445/mo,858002,Active,12/06/2023
P0303,C0248,Travel,$259/mo,384182,Active,14/12/2023
P0304,C0332,Auto,$369/mo,716005,Active,02/11/2024
P0305,C0219,Home,$203/mo,308242,Expired,14/03/2024
P0306,C0661,Travel,$188/mo,876453,Expired,18/03/2024
P0307,C0118,Home,$438/mo,973218,Active,25/10/2023
P0308,C0642,Home,$344/mo,477700,Active,22/05/2023
P0309,C0921,Health,$187/mo,839766,Expired,06/09/2024
P0310,C0188,Home,$75/mo,370300,Active,09/04/2024
P0311,C0506,Home,$193/mo,393291,Active,09/06/2024
P0312,C0786,Travel,$304/mo,368779,Expired,14/11/2024
P0313,C0262,Home,$184/mo,850137,Active,12/04/2024
P0314,C0101,Life,$167/mo,970169,Expired,29/02/2024
P0315,C0218,Auto,$294/mo,872357,Expired,31/08/2023
P0316,C0757,Health,$206/mo,958784,Expired,23/02/2024
P0317,C0395,Travel,$483/mo,705656,Active,01/12/2023
P0318,C0333,Life,$158/mo,611333,Expired,07/07/2024
P0319,C0095,Auto,$349/mo,221295,Expired,26/04/2025
P0320,C0110,Health,$481/mo,888829,Expired,03/04/2025
P0321,C0694,Auto,$143/mo,219944,Active,28/10/2024
P0322,C0736,Travel,$465/mo,570150,Active,07/05/2024
P0323,C0142,Auto,$148/mo,893001,Active,24/07/2024
P0324,C0573,Life,$156/mo,74555,Active,05/02/2025
P0325,C0178,Travel,$490/mo,156567,Active,04/09/2024
P0326,C0329,Auto,$309/mo,878969,Expired,02/01/2025
P0327,C0025,Home,$155/mo,275512,Active,19/01/2024
P0328,C0769,Life,$265/mo,335734,Expired,14/06/2024
P0329,C0246,Travel,$369/mo,426646,Expired,09/05/2023
P0330,C0004,Travel,$225/mo,226076,Active,19/07/2024
P0331,C0730,Health,$452/mo,676420,Active,24/07/2024
P0332,C0865,Travel,$403/mo,552974,Expired,26/06/2023
P0333,C0782,Auto,$229/mo,933508,Active,29/11/2024
P0334,C0501,Life,$50/mo,137080,Expired,30/12/2024
P0335,C0909,Health,$354/mo,42835,Active,17/03/2025
P0336,C0533,Auto,$107/mo,296753,Active,04/03/2025
P0337,C0674,Health,$366/mo,834132,Expired,13/11/2024
P0338,C0089,Travel,$212/mo,193626,Expired,05/04/2024
P0339,C0888,Home,$447/mo,135638,Active,15/09/2023
P0340,C0029,Home,$166/mo,455209,Expired,08/03/2024
P0341,C0546,Life,$419/mo,273791,Expired,16/10/2024
P0342,C0681,Life,$335/mo,629925,Expired,24/01/2024
P0343,C0263,Travel,$332/mo,837300,Expired,23/08/2023
P0344,C0416,Travel,$384/mo,57845,Active,23/06/2024
P0345,C0926,Travel,$185/mo,577637,Expired,21/02/2024
P0346,C0637,Auto,$340/mo,805444,Expired,02/05/2025
P0347,C0184,Auto,$235/mo,885244,Expired,13/05/2023
P0348,C0253,Travel,$460/mo,93653,Expired,28/07/2023
P0349,C0622,Travel,$226/mo,543087,Active,01/11/2024
P0350,C0762,Life,$185/mo,804566,Active,21/02/2024
P0351,C0619,Life,$445/mo,752538,Expired,29/04/2025
P0352,C0293,Life,$85/mo,250952,Active,27/01/2025
P0353,C0574,Life,$461/mo,254017,Active,26/03/2025
P0354,C0133,Life,$302/mo,400216,Active,02/09/2024
P0355,C0960,Home,$339/mo,592015,Expired,26/12/2023
P0356,C0525,Travel,$396/mo,346744,Active,22/11/2024
P0357,C0945,Travel,$56/mo,724270,Expired,27/01/2024
P0358,C0670,Life,$437/mo,73339,Expired,20/12/2024
P0359,C0691,Life,$86/mo,573085,Active,17/02/2024
P0360,C0791,Auto,$205/mo,615827,Expired,10/09/2023
P0361,C0083,Life,$453/mo,872898,Active,04/01/2024
P0362,C0144,Auto,$320/mo,287325,Expired,05/12/2024
P0363,C0309,Auto,$237/mo,533595,Expired,19/03/2025
P0364,C0378,Travel,$469/mo,695628,Expired,18/05/2024
P0365,C0774,Home,$259/mo,71128,Expired,13/07/2024
P0366,C0788,Auto,$394/mo,391790,Expired,20/09/2023
P0367,C0407,Home,$138/mo,246914,Active,26/04/2025
P0368,C0059,Auto,$388/mo,971791,Expired,14/08/2024
P0369,C0013,Life,$169/mo,923459,Active,14/03/2025
P0370,C0204,Life,$286/mo,673142,Expired,13/07/2023
P0371,C0831,Health,$319/mo,512233,Expired,01/01/2024
P0372,C0089,Life,$234/mo,651824,Expired,07/04/2024
P0373,C0472,Health,$209/mo,740596,Active,20/09/2023
P0374,C0950,Auto,$87/mo,988759,Active,06/04/2024
P0375,C0924,Health,$393/mo,337910,Active,18/11/2023
P0376,C0474,Home,$400/mo,94604,Expired,24/07/2024
P0377,C0289,Life,$229/mo,358577,Active,05/11/2024
P0378,C0937,Auto,$199/mo,671354,Expired,02/07/2024
P0379,C0005,Travel,$488/mo,801591,Active,05/12/2023
P0380,C0981,Life,$308/mo,187945,Expired,11/10/2023
P0381,C0577,Home,$253/mo,973787,Active,13/04/2024
P0382,C0678,Home,$97/mo,501191,Expired,19/07/2024
P0383,C0074,Life,$133/mo,245630,Active,27/09/2024
P0384,C0451,Home,$87/mo,947489,Active,12/03/2025
P0385,C0978,Travel,$224/mo,623476,Active,21/06/2024
P0386,C0761,Life,$69/mo,231246,Expired,08/11/2024
P0387,C0304,Life,$326/mo,561265,Active,19/10/2024
P0388,C0135,Travel,$457/mo,664414,Expired,19/10/2024
P0389,C0933,Auto,$297/mo,461147,Active,15/04/2024
P0390,C0688,Health,$453/mo,988221,Active,18/08/2024
P0391,C0157,Home,$94/mo,744905,Active,04/11/2023
P0392,C0193,Life,$168/mo,964437,Expired,01/04/2025
P0393,C0590,Life,$416/mo,386941,Expired,27/08/2024
P0394,C0465,Life,$87/mo,202206,Active,07/06/2024
P0395,C0601,Life,$381/mo,519255,Expired,03/04/2024
P0396,C0290,Auto,$159/mo,786150,Expired,10/08/2023
P0397,C0560,Auto,$443/mo,602511,Expired,08/10/2023
P0398,C0398,Life,$428/mo,161259,Expired,01/10/2024
P0399,C0132,Travel,$163/mo,890241,Expired,06/05/2023
P0400,C0464,Travel,$478/mo,742152,Expired,27/04/2025
P0401,C0623,Health,$461/mo,925152,Active,28/11/2023
P0402,C0145,Auto,$365/mo,468416,Active,17/09/2024
P0403,C0307,Home,$439/mo,451573,Active,01/03/2024
P0404,C0203,Auto,$335/mo,56454,Active,16/05/2024
P0405,C0839,Life,$445/mo,718591,Expired,01/07/2023
P0406,C0851,Travel,$313/mo,173243,Active,14/04/2025
P0407,C0654,Life,$311/mo,820441,Expired,11/09/2024
P0408,C0156,Life,$303/mo,682714,Expired,12/05/2023
P0409,C0678,Life,$133/mo,523628,Expired,12/03/2025
P0410,C0081,Home,$131/mo,230501,Active,16/10/2024
P0411,C0009,Life,$269/mo,841913,Expired,28/12/2024
P0412,C0271,Travel,$83/mo,883125,Active,11/12/2023
P0413,C0457,Travel,$102/mo,101592,Active,03/03/2024
P0414,C0797,Health,$117/mo,860093,Active,22/05/2023
P0415,C0103,Auto,$412/mo,892084,Expired,13/12/2023
P0416,C0390,Travel,$241/mo,118655,Expired,07/02/2024
P0417,C0157,Health,$406/mo,849772,Expired,22/08/2023
P0418,C0152,Home,$122/mo,478177,Active,04/05/2025
P0419,C0668,Auto,$133/mo,383558,Active,01/02/2024
P0420,C0042,Life,$380/mo,786771,Active,30/01/2025
P0421,C0684,Home,$213/mo,262888,Active,13/09/2024
P0422,C0233,Life,$132/mo,434924,Active,26/02/2025
P0423,C0393,Travel,$339/mo,394730,Active,10/06/2023
P0424,C0768,Life,$50/mo,581682,Expired,20/05/2024
P0425,C0461,Home,$112/mo,746065,Expired,07/11/2023
P0426,C0324,Life,$293/mo,84280,Expired,11/10/2024
P0427,C0107,Health,$200/mo,877548,Active,16/09/2023
P0428,C0318,Life,$273/mo,752733,Expired,08/07/2023
P0429,C0733,Health,$427/mo,313930,Active,25/02/2025
P0430,C0199,Auto,$117/mo,748371,Active,13/04/2025
P0431,C0506,Auto,$272/mo,946357,Active,19/07/2024
P0432,C0640,Health,$429/mo,712893,Expired,12/10/2023
P0433,C0313,Home,$465/mo,966076,Active,16/05/2024
P0434,C0079,Travel,$288/mo,550053,Expired,25/11/2023
P0435,C0690,Auto,$248/mo,189008,Expired,28/03/2025
P0436,C0026,Home,$180/mo,677170,Active,22/11/2023
P0437,C0700,Auto,$152/mo,846880,Active,19/07/2024
P0438,C0853,Auto,$275/mo,110403,Active,05/09/2024
P0439,C0386,Home,$383/mo,598096,Active,31/05/2024
P0440,C0331,Travel,$204/mo,351385,Active,16/10/2023
P0441,C0877,Life,$236/mo,911568,Active,10/09/2023
P0442,C0460,Home,$432/mo,637134,Expired,08/03/2025
P0443,C0442,Auto,$376/mo,665070,Expired,07/11/2024
P0444,C0813,Home,$214/mo,992377,Active,06/03/2024
P0445,C0227,Auto,$232/mo,709933,Expired,03/10/2023
P0446,C0325,Home,$390/mo,360656,Active,12/10/2024
P0447,C0932,Home,$252/mo,972600,Expired,11/07/2024
P0448,C0311,Travel,$294/mo,385923,Active,08/06/2023
P0449,C0705,Travel,$443/mo,286262,Expired,20/12/2024
P0450,C0985,Life,$95/mo,967062,Expired,01/07/2024
P0451,C0314,Auto,$228/mo,425606,Expired,12/10/2023
P0452,C0490,Auto,$389/mo,667302,Active,19/05/2024
P0453,C0563,Life,$104/mo,814730,Expired,11/12/2023
P0454,C0140,Auto,$281/mo,246737,Active,22/03/2025
P0455,C0685,Home,$152/mo,508207,Active,26/02/2024
P0456,C0384,Travel,$236/mo,73006,Expired,28/12/2023
P0457,C0309,Auto,$259/mo,439712,Expired,29/11/2023
P0458,C0246,Life,$414/mo,147184,Expired,30/06/2023
P0459,C0863,Auto,$213/mo,383867,Active,28/04/2024
P0460,C0496,Travel,$409/mo,226566,Active,29/08/2024
P0461,C0444,Home,$484/mo,572188,Active,08/02/2025
P0462,C0519,Health,$220/mo,423235,Expired,26/01/2024
P0463,C0524,Travel,$332/mo,401381,Expired,19/04/2025
P0464,C0563,Health,$423/mo,274568,Expired,27/10/2024
P0465,C0357,Health,$193/mo,895034,Expired,19/08/2024
P0466,C0873,Auto,$226/mo,435157,Expired,28/11/2023
P0467,C0773,Travel,$71/mo,439229,Expired,06/11/2024
P0468,C0828,Home,$288/mo,367749,Active,22/07/2023
P0469,C0646,Health,$306/mo,853496,Expired,13/06/2023
P0470,C0761,Life,$145/mo,560018,Active,09/07/2023
P0471,C0628,Life,$497/mo,601319,Active,26/10/2023
P0472,C0484,Health,$249/mo,616035,Expired,24/08/2023
P0473,C0566,Auto,$480/mo,10848,Expired,20/02/2024
P0474,C0989,Health,$397/mo,414615,Expired,04/04/2025
P0475,C0812,Auto,$87/mo,64096,Expired,25/01/2024
P0476,C0444,Auto,$376/mo,519031,Active,23/10/2024
P0477,C0657,Health,$293/mo,292411,Expired,05/05/2025
P0478,C0414,Health,$212/mo,179084,Active,23/12/2024
P0479,C0175,Travel,$133/mo,153987,Expired,10/07/2024
P0480,C0496,Health,$127/mo,90633,Active,09/08/2023
P0481,C0315,Auto,$100/mo,992912,Active,30/11/2023
P0482,C0451,Life,$483/mo,142510,Active,28/10/2023
P0483,C0965,Life,$67/mo,257536,Expired,10/05/2024
P0484,C0647,Life,$497/mo,439699,Expired,22/06/2024
P0485,C0652,Home,$373/mo,175979,Active,22/02/2024
P0486,C0291,Travel,$66/mo,182871,Active,11/12/2024
P0487,C0146,Auto,$406/mo,376334,Expired,27/09/2023
P0488,C0611,Auto,$455/mo,297861,Active,24/02/2024
P0489,C0940,Health,$114/mo,255641,Expired,29/06/2024
P0490,C0042,Auto,$411/mo,284671,Expired,14/08/2023
P0491,C0435,Auto,$189/mo,250170,Active,16/11/2024
P0492,C0120,Life,$361/mo,256397,Active,08/10/2024
P0493,C0922,Auto,$199/mo,153931,Expired,12/09/2024
P0494,C0542,Auto,$58/mo,787642,Expired,19/06/2023
P0495,C0606,Travel,$167/mo,106102,Expired,05/12/2023
P0496,C0749,Auto,$106/mo,538252,Active,14/08/2023
P0497,C0265,Life,$134/mo,200798,Active,18/02/2025
P0498,C0381,Travel,$110/mo,909895,Active,19/07/2023
P0499,C0465,Home,$84/mo,392746,Expired,14/01/2025
P0500,C0220,Auto,$373/mo,247327,Active,24/01/2024
P0501,C0503,Home,$351/mo,687809,Expired,30/03/2025
P0502,C0027,Health,$377/mo,747744,Expired,11/10/2023
P0503,C0775,Travel,$368/mo,510032,Active,25/08/2024
P0504,C0173,Home,$71/mo,497776,Active,31/05/2024
P0505,C0709,Life,$157/mo,484912,Expired,15/12/2023
P0506,C0953,Life,$427/mo,948172,Expired,04/02/2025
P0507,C0933,Health,$292/mo,183070,Active,04/12/2023
P0508,C0433,Travel,$325/mo,914628,Active,16/04/2024
P0509,C0418,Health,$51/mo,38194,Expired,07/11/2024
P0510,C0795,Travel,$480/mo,753720,Expired,30/04/2024
P0511,C1000,Life,$337/mo,863879,Expired,05/05/2024
P0512,C0337,Auto,$494/mo,895762,Active,02/08/2023
P0513,C0877,Life,$148/mo,646484,Active,19/06/2024
P0514,C0747,Life,$150/mo,145032,Active,19/06/2023
P0515,C0366,Home,$125/mo,703430,Active,23/09/2024
P0516,C0189,Auto,$257/mo,288358,Active,23/12/2023
P0517,C0052,Auto,$451/mo,48660,Active,04/01/2025
P0518,C0551,Home,$329/mo,446516,Expired,03/12/2023
P0519,C0835,Auto,$150/mo,290120,Active,04/09/2024
P0520,C0221,Home,$371/mo,907121,Active,17/02/2024
P0521,C0858,Life,$272/mo,453642,Active,27/04/2024
P0522,C0318,Travel,$57/mo,870924,Active,08/09/2024
P0523,C0785,Auto,$241/mo,774212,Active,07/06/2024
P0524,C0267,Travel,$201/mo,140728,Active,09/09/2024
P0525,C0297,Auto,$383/mo,844910,Expired,23/03/2024
P0526,C0196,Life,$420/mo,516263,Active,15/11/2023
P0527,C0150,Home,$311/mo,401935,Active,17/05/2024
P0528,C0367,Home,$331/mo,712989,Expired,03/04/2025
P0529,C0623,Home,$83/mo,102874,Expired,26/11/2024
P0530,C0811,Home,$410/mo,219711,Active,19/09/2024
P0531,C0013,Travel,$179/mo,643014,Expired,08/10/2024
P0532,C0741,Home,$301/mo,766779,Expired,26/03/2025
P0533,C0280,Auto,$92/mo,411256,Active,13/11/2023
P0534,C0880,Auto,$118/mo,351463,Expired,16/10/2024
P0535,C0242,Health,$303/mo,91297,Expired,12/07/2024
P0536,C0104,Travel,$200/mo,875575,Expired,28/06/2023
P0537,C0617,Home,$191/mo,159241,Active,16/09/2024
P0538,C0084,Life,$418/mo,958988,Expired,01/03/2025
P0539,C0285,Life,$318/mo,166508,Expired,15/07/2023
P0540,C0521,Auto,$131/mo,461985,Expired,10/06/2023
P0541,C0661,Home,$144/mo,783549,Expired,28/04/2025
P0542,C0116,Life,$163/mo,616326,Expired,09/02/2025
P0543,C0157,Auto,$184/mo,576346,Expired,10/08/2023
P0544,C0845,Travel,$370/mo,884653,Active,02/01/2025
P0545,C0245,Auto,$500/mo,343361,Active,17/03/2025
P0546,C0453,Life,$184/mo,101565,Active,15/10/2024
P0547,C0650,Life,$62/mo,932448,Expired,11/01/2025
P0548,C0729,Travel,$468/mo,918312,Active,20/10/2024
P0549,C0286,Auto,$376/mo,897576,Active,08/11/2023
P0550,C0348,Health,$242/mo,164682,Expired,18/10/2023
P0551,C0287,Home,$488/mo,776231,Active,26/04/2025
P0552,C0008,Auto,$469/mo,186557,Expired,24/06/2024
P0553,C0882,Auto,$278/mo,456032,Active,12/02/2025
P0554,C0220,Home,$143/mo,542117,Expired,31/05/2023
P0555,C0420,Health,$306/mo,502061,Active,09/11/2024
P0556,C0323,Home,$269/mo,347721,Expired,30/01/2025
P0557,C0610,Home,$120/mo,803151,Active,28/06/2023
P0558,C0626,Travel,$298/mo,874542,Expired,29/12/2023
P0559,C0227,Life,$282/mo,981683,Active,11/04/2024
P0560,C0693,Travel,$303/mo,891985,Active,10/10/2024
P0561,C0810,Auto,$163/mo,715762,Active,25/07/2024
P0562,C0748,Home,$336/mo,661057,Expired,31/12/2023
P0563,C0135,Health,$104/mo,590974,Expired,30/10/2023
P0564,C0483,Auto,$105/mo,393196,Active,04/11/2024
P0565,C0110,Travel,$295/mo,150742,Expired,20/04/2024
P0566,C0273,Travel,$386/mo,699913,Expired,09/04/2025
P0567,C0487,Health,$493/mo,23173,Expired,15/12/2024
P0568,C0341,Home,$343/mo,644583,Active,12/10/2024
P0569,C0110,Life,$317/mo,427807,Expired,22/06/2024
P0570,C0880,Health,$253/mo,924487,Expired,24/04/2025
P0571,C0838,Health,$158/mo,100479,Active,13/10/2024
P0572,C0573,Home,$283/mo,875061,Active,26/12/2023
P0573,C0635,Life,$229/mo,190219,Expired,12/02/2025
P0574,C0319,Home,$199/mo,584831,Expired,22/06/2023
P0575,C0327,Life,$97/mo,237668,Active,23/05/2024
P0576,C0989,Life,$123/mo,466509,Active,30/10/2024
P0577,C0251,Health,$295/mo,363828,Expired,12/10/2023
P0578,C0560,Home,$65/mo,760755,Expired,18/09/2023
P0579,C0777,Health,$233/mo,579279,Active,14/03/2025
P0580,C0369,Home,$397/mo,947573,Active,04/02/2024
P0581,C0081,Health,$422/mo,649885,Active,23/02/2024
P0582,C0203,Auto,$244/mo,673962,Active,09/04/2025
P0583,C0134,Auto,$74/mo,319513,Expired,06/06/2023
P0584,C0477,Home,$144/mo,473485,Expired,26/05/2023
P0585,C0815,Life,$498/mo,445290,Active,19/11/2023
P0586,C0569,Health,$96/mo,388422,Expired,03/02/2025
P0587,C0343,Health,$478/mo,73903,Expired,12/07/2024
P0588,C0843,Auto,$62/mo,891936,Active,21/07/2024
P0589,C0660,Health,$136/mo,774070,Expired,20/09/2023
P0590,C0950,Health,$157/mo,33638,Expired,16/02/2025
P0591,C0081,Life,$366/mo,224598,Active,22/12/2023
P0592,C0151,Health,$340/mo,521115,Active,30/08/2023
P0593,C0670,Home,$477/mo,826872,Active,27/12/2023
P0594,C0928,Auto,$359/mo,772710,Expired,01/08/2023
P0595,C0613,Travel,$221/mo,267584,Active,23/04/2025
P0596,C0838,Home,$97/mo,762950,Active,05/01/2025
P0597,C0459,Travel,$101/mo,100306,Expired,17/08/2023
P0598,C0713,Health,$313/mo,798391,Active,01/05/2025
P0599,C0698,Life,$335/mo,169954,Active,26/03/2025
P0600,C0250,Health,$267/mo,675918,Active,19/05/2023
P0601,C0523,Home,$116/mo,690505,Expired,27/05/2023
P0602,C0152,Auto,$82/mo,18905,Expired,02/10/2024
P0603,C0414,Travel,$180/mo,740685,Active,16/07/2023
P0604,C0163,Home,$251/mo,430643,Active,16/04/2025
P0605,C0296,Life,$321/mo,390485,Expired,03/09/2023
P0606,C0685,Health,$424/mo,743366,Active,13/06/2024
P0607,C0724,Life,$201/mo,592685,Expired,16/11/2023
P0608,C0212,Health,$149/mo,120822,Active,10/07/2024
P0609,C0440,Home,$339/mo,824884,Expired,29/11/2024
P0610,C0953,Health,$119/mo,749169,Expired,12/11/2023
P0611,C0323,Auto,$464/mo,334322,Expired,23/05/2023
P0612,C0056,Travel,$329/mo,805599,Active,27/09/2024
P0613,C0761,Auto,$182/mo,997378,Active,24/03/2024
P0614,C0592,Travel,$185/mo,515417,Active,21/11/2023
P0615,C0247,Life,$280/mo,887093,Active,10/12/2024
P0616,C0823,Travel,$386/mo,704725,Expired,08/06/2024
P0617,C0685,Life,$316/mo,293722,Expired,31/07/2023
P0618,C0652,Home,$58/mo,784944,Expired,08/01/2025
P0619,C0053,Auto,$235/mo,593575,Active,25/11/2024
P0620,C0625,Travel,$477/mo,161963,Active,02/03/2024
P0621,C0105,Home,$233/mo,939550,Active,24/01/2024
P0622,C0165,Auto,$220/mo,230954,Expired,12/06/2023
P0623,C0258,Travel,$178/mo,40304,Expired,02/03/2025
P0624,C0359,Travel,$196/mo,366570,Expired,29/06/2023
P0625,C0970,Travel,$226/mo,690364,Expired,07/06/2024
P0626,C0281,Life,$468/mo,682240,Active,23/01/2024
P0627,C0568,Auto,$333/mo,202419,Active,24/10/2023
P0628,C0690,Auto,$68/mo,145268,Expired,15/09/2024
P0629,C0550,Home,$106/mo,441890,Active,25/10/2023
P0630,C0615,Travel,$185/mo,875945,Active,21/07/2024
P0631,C0234,Life,$260/mo,134387,Active,27/04/2025
P0632,C0298,Health,$288/mo,76331,Active,18/12/2024
P0633,C0623,Life,$88/mo,296958,Expired,12/03/2025
P0634,C0308,Health,$220/mo,647859,Expired,11/01/2024
P0635,C0629,Home,$241/mo,454739,Active,06/12/2024
P0636,C0527,Home,$309/mo,80204,Expired,26/01/2025
P0637,C0309,Travel,$304/mo,389248,Active,07/10/2023
P0638,C0828,Travel,$429/mo,266099,Expired,27/02/2024
P0639,C0847,Auto,$424/mo,940226,Active,05/05/2024
P0640,C0470,Travel,$490/mo,666913,Expired,08/03/2025
P0641,C0445,Life,$358/mo,805650,Active,06/03/2025
P0642,C0148,Home,$281/mo,286130,Expired,18/03/2025
P0643,C0007,Life,$462/mo,455867,Active,14/12/2024
P0644,C0367,Travel,$166/mo,38158,Active,11/11/2023
P0645,C0995,Life,$177/mo,299096,Expired,21/08/2023
P0646,C0211,Home,$396/mo,539798,Expired,29/03/2025
P0647,C0130,Travel,$398/mo,195620,Active,17/01/2025
P0648,C0298,Auto,$162/mo,271802,Expired,25/09/2023
P0649,C0426,Home,$446/mo,808601,Expired,27/12/2023
P0650,C0685,Health,$399/mo,126283,Expired,07/10/2024
P0651,C0874,Life,$83/mo,287813,Active,12/09/2023
P0652,C0742,Auto,$140/mo,620816,Active,28/02/2024
P0653,C0805,Travel,$88/mo,619186,Expired,19/03/2025
P0654,C0113,Life,$58/mo,254186,Expired,16/01/2024
P0655,C0543,Health,$403/mo,888316,Expired,10/02/2024
P0656,C0772,Auto,$213/mo,264421,Expired,15/12/2023
P0657,C0122,Travel,$419/mo,874268,Expired,05/12/2024
P0658,C0892,Health,$130/mo,406923,Active,18/10/2023
P0659,C0733,Travel,$473/mo,139524,Active,29/04/2024
P0660,C0165,Health,$142/mo,583195,Active,07/10/2024
P0661,C0780,Auto,$105/mo,862427,Active,02/02/2024
P0662,C0460,Life,$364/mo,119553,Active,28/02/2024
P0663,C0235,Health,$203/mo,235380,Expired,21/02/2024
P0664,C0081,Health,$406/mo,241212,Expired,17/09/2024
P0665,C0376,Travel,$125/mo,746103,Active,14/05/2023
P0666,C0398,Auto,$336/mo,352158,Active,25/02/2024
P0667,C0836,Travel,$110/mo,156807,Active,23/11/2023
P0668,C0345,Health,$75/mo,22892,Expired,26/06/2023
P0669,C0329,Auto,$301/mo,420804,Expired,12/03/2024
P0670,C0538,Home,$225/mo,764779,Active,08/03/2024
P0671,C0606,Life,$212/mo,774068,Expired,18/09/2024
P0672,C0465,Home,$346/mo,470173,Expired,04/08/2024
P0673,C0207,Travel,$134/mo,356575,Expired,04/04/2025
P0674,C0631,Health,$133/mo,319382,Expired,06/07/2024
P0675,C0424,Travel,$122/mo,766315,Active,14/08/2024
P0676,C0140,Health,$274/mo,997831,Expired,06/06/2024
P0677,C0174,Life,$457/mo,968524,Active,16/03/2025
P0678,C0458,Health,$444/mo,218323,Active,15/02/2024
P0679,C0343,Home,$84/mo,427219,Active,24/07/2023
P0680,C0201,Travel,$483/mo,981005,Active,29/11/2023
P0681,C0248,Life,$130/mo,603419,Active,27/12/2023
P0682,C0810,Health,$441/mo,680906,Active,14/08/2023
P0683,C0102,Home,$194/mo,74536,Expired,28/05/2024
P0684,C0348,Auto,$320/mo,27268,Active,16/01/2025
P0685,C0662,Auto,$304/mo,30103,Expired,09/04/2024
P0686,C0910,Home,$449/mo,331087,Expired,28/09/2023
P0687,C0656,Health,$483/mo,501201,Active,16/04/2024
P0688,C0409,Life,$403/mo,593313,Active,24/04/2025
P0689,C0284,Health,$420/mo,738062,Expired,05/12/2023
P0690,C0964,Health,$282/mo,419483,Active,09/05/2024
P0691,C0399,Life,$177/mo,439131,Active,01/03/2024
P0692,C0551,Life,$427/mo,611626,Expired,15/07/2023
P0693,C0522,Travel,$467/mo,356487,Expired,16/02/2024
P0694,C0446,Health,$220/mo,222522,Expired,20/06/2023
P0695,C0706,Health,$191/mo,744803,Active,04/02/2025
P0696,C0602,Home,$157/mo,491056,Expired,14/01/2025
P0697,C0874,Health,$327/mo,880982,Active,18/10/2024
P0698,C0233,Auto,$492/mo,979265,Active,30/09/2023
P0699,C0312,Home,$90/mo,71010,Active,22/06/2024
P0700,C0005,Life,$111/mo,353712,Expired,17/11/2024
P0701,C0642,Auto,$386/mo,515847,Expired,19/01/2025
P0702,C0782,Health,$294/mo,578949,Expired,02/03/2024
P0703,C0677,Auto,$329/mo,935840,Expired,18/07/2023
P0704,C0323,Health,$363/mo,181624,Active,08/01/2025
P0705,C0527,Auto,$127/mo,21742,Expired,23/08/2024
P0706,C0681,Auto,$71/mo,643924,Active,16/11/2024
P0707,C0655,Auto,$494/mo,233599,Expired,28/10/2023
P0708,C0757,Health,$126/mo,839640,Expired,02/06/2023
P0709,C0537,Auto,$307/mo,998483,Expired,03/08/2023
P0710,C0784,Life,$225/mo,540895,Expired,08/06/2024
P0711,C0836,Auto,$447/mo,878885,Expired,25/03/2025
P0712,C0650,Health,$441/mo,94337,Expired,24/07/2023
P0713,C0991,Health,$385/mo,220631,Active,20/04/2024
P0714,C0388,Home,$170/mo,264119,Active,16/09/2024
P0715,C0396,Travel,$410/mo,684406,Active,11/04/2024
P0716,C0938,Home,$465/mo,766951,Expired,13/12/2023
P0717,C0288,Auto,$358/mo,475035,Active,22/05/2023
P0718,C0859,Life,$456/mo,423503,Active,19/09/2023
P0719,C0896,Health,$438/mo,469808,Active,23/05/2024
P0720,C0443,Auto,$321/mo,257925,Expired,17/06/2023
P0721,C0536,Travel,$70/mo,656371,Expired,06/07/2023
P0722,C0346,Travel,$303/mo,498004,Active,16/07/2024
P0723,C0753,Travel,$340/mo,898927,Expired,03/07/2024
P0724,C0248,Travel,$94/mo,593149,Expired,31/08/2024
P0725,C0283,Auto,$204/mo,117412,Expired,03/07/2024
P0726,C0916,Health,$416/mo,206674,Active,19/06/2023
P0727,C0027,Travel,$380/mo,538603,Active,23/12/2023
P0728,C0218,Auto,$271/mo,246851,Expired,23/10/2023
P0729,C0482,Life,$279/mo,746405,Active,01/07/2023
P0730,C0404,Life,$330/mo,444261,Active,07/02/2024
P0731,C0225,Home,$265/mo,413025,Active,29/04/2024
P0732,C0449,Life,$63/mo,97893,Expired,25/11/2024
P0733,C0229,Travel,$253/mo,192965,Active,08/04/2025
P0734,C0378,Travel,$462/mo,559089,Expired,04/06/2024
P0735,C0687,Life,$87/mo,656393,Expired,07/12/2023
P0736,C0819,Home,$67/mo,55931,Active,18/03/2025
P0737,C0410,Life,$484/mo,877742,Active,25/05/2024
P0738,C0620,Travel,$455/mo,761581,Expired,17/08/2024
P0739,C0489,Home,$259/mo,586312,Active,05/05/2024
P0740,C0697,Health,$212/mo,923475,Active,19/01/2024
P0741,C0746,Health,$325/mo,36179,Active,03/02/2024
P0742,C0481,Life,$211/mo,413739,Expired,10/05/2023
P0743,C0606,Auto,$360/mo,42536,Active,18/06/2024
P0744,C0263,Life,$450/mo,17069,Active,11/07/2024
P0745,C0719,Health,$397/mo,346939,Expired,21/08/2024
P0746,C0337,Travel,$483/mo,448716,Active,13/03/2025
P0747,C0895,Health,$122/mo,120535,Expired,25/07/2024
P0748,C0237,Auto,$484/mo,787753,Active,27/07/2024
P0749,C0748,Home,$435/mo,10513,Active,21/01/2024
P0750,C0155,Health,$272/mo,711601,Active,25/10/2024
P0751,C0651,Home,$255/mo,689549,Active,16/11/2023
P0752,C0969,Health,$273/mo,66205,Active,27/11/2023
P0753,C0464,Home,$104/mo,400898,Active,25/09/2023
P0754,C0430,Home,$74/mo,477672,Active,27/02/2024
P0755,C0826,Travel,$320/mo,922214,Active,06/11/2023
P0756,C0266,Home,$83/mo,468120,Active,20/10/2024
P0757,C0712,Auto,$383/mo,18369,Expired,01/04/2025
P0758,C0357,Auto,$159/mo,867419,Expired,29/12/2023
P0759,C0872,Health,$174/mo,340895,Active,13/01/2025
P0760,C0568,Life,$447/mo,782418,Active,22/10/2023
P0761,C0865,Life,$186/mo,779544,Expired,20/12/2024
P0762,C0207,Home,$102/mo,84494,Expired,12/08/2024
P0763,C0801,Health,$250/mo,872266,Expired,18/05/2023
P0764,C0438,Auto,$344/mo,948599,Expired,16/06/2023
P0765,C0744,Travel,$342/mo,516624,Active,29/06/2023
P0766,C0552,Auto,$383/mo,937535,Active,06/12/2023
P0767,C0012,Travel,$111/mo,806593,Active,01/02/2025
P0768,C0401,Travel,$173/mo,905148,Active,22/07/2024
P0769,C0786,Travel,$409/mo,681799,Active,14/06/2023
P0770,C0322,Travel,$373/mo,176301,Active,23/02/2024
P0771,C0412,Auto,$272/mo,648379,Active,12/10/2023
P0772,C0426,Life,$401/mo,475698,Active,01/11/2024
P0773,C0880,Auto,$449/mo,945070,Active,17/01/2025
P0774,C0264,Auto,$174/mo,782455,Expired,08/02/2025
P0775,C0758,Auto,$111/mo,436483,Active,07/02/2025
P0776,C0227,Travel,$368/mo,282563,Active,15/07/2024
P0777,C0634,Life,$84/mo,785745,Expired,08/07/2023
P0778,C0118,Auto,$321/mo,401295,Active,06/01/2025
P0779,C0584,Home,$174/mo,729678,Expired,11/07/2023
P0780,C0748,Home,$122/mo,812888,Expired,14/09/2023
P0781,C0793,Health,$245/mo,743029,Active,12/02/2024
P0782,C0154,Auto,$340/mo,959080,Active,21/02/2025
P0783,C0689,Auto,$305/mo,100835,Active,15/12/2024
P0784,C0611,Auto,$270/mo,223697,Active,01/06/2024
P0785,C0626,Health,$151/mo,930561,Expired,11/07/2023
P0786,C0553,Life,$158/mo,99528,Expired,17/11/2024
P0787,C0444,Health,$286/mo,979404,Active,12/06/2024
P0788,C0822,Health,$68/mo,866878,Expired,29/10/2023
P0789,C0140,Auto,$259/mo,974075,Expired,03/10/2024
P0790,C0377,Travel,$383/mo,221467,Active,09/05/2023
P0791,C0505,Auto,$241/mo,623052,Active,05/12/2023
P0792,C0026,Auto,$449/mo,374534,Active,26/01/2025
P0793,C0292,Life,$175/mo,209827,Expired,21/02/2025
P0794,C0563,Health,$493/mo,389279,Active,08/09/2023
P0795,C0994,Health,$133/mo,89350,Expired,20/08/2023
P0796,C0938,Auto,$451/mo,404146,Expired,01/11/2024
P0797,C0593,Auto,$237/mo,519220,Active,06/09/2024
P0798,C0294,Health,$88/mo,365834,Expired,20/05/2023
P0799,C0479,Travel,$240/mo,780494,Active,24/12/2023
P0800,C0838,Home,$491/mo,56012,Active,03/10/2023
P0801,C0077,Home,$118/mo,392851,Expired,09/09/2023
P0802,C0264,Life,$253/mo,273469,Expired,03/04/2025
P0803,C0571,Travel,$420/mo,726197,Expired,17/12/2023
P0804,C0524,Auto,$262/mo,725156,Active,07/06/2023
P0805,C0477,Health,$53/mo,354257,Expired,24/04/2025
P0806,C0010,Auto,$158/mo,163632,Expired,28/05/2023
P0807,C0138,Travel,$489/mo,261427,Expired,02/01/2025
P0808,C0522,Health,$55/mo,719085,Active,09/03/2024
P0809,C0996,Home,$153/mo,366268,Active,06/09/2024
P0810,C0866,Home,$134/mo,149634,Active,09/01/2025
P0811,C0188,Home,$392/mo,574676,Active,15/04/2024
P0812,C0911,Travel,$273/mo,809972,Expired,15/07/2024
P0813,C0095,Travel,$80/mo,159741,Active,22/07/2024
P0814,C0712,Auto,$204/mo,949133,Expired,14/02/2024
P0815,C0509,Auto,$282/mo,132813,Expired,20/11/2024
P0816,C0385,Auto,$417/mo,854957,Active,18/06/2024
P0817,C0005,Travel,$322/mo,617440,Active,31/10/2023
P0818,C0331,Auto,$287/mo,247136,Expired,31/03/2024
P0819,C0150,Auto,$176/mo,513151,Active,06/11/2023
P0820,C0333,Travel,$418/mo,774595,Expired,26/08/2024
P0821,C0454,Health,$491/mo,368438,Expired,22/09/2024
P0822,C0317,Home,$118/mo,205612,Expired,17/09/2024
P0823,C0295,Home,$289/mo,876448,Expired,09/09/2024
P0824,C0649,Auto,$337/mo,529145,Active,30/05/2023
P0825,C0409,Travel,$105/mo,271874,Expired,09/03/2025
P0826,C0099,Travel,$167/mo,833380,Expired,03/09/2023
P0827,C0212,Travel,$104/mo,627602,Expired,28/02/2024
P0828,C0543,Travel,$296/mo,496186,Active,30/08/2024
P0829,C0946,Life,$223/mo,729056,Active,17/06/2023
P0830,C0002,Auto,$239/mo,716330,Expired,15/06/2023
P0831,C0038,Travel,$317/mo,15762,Active,31/10/2024
P0832,C0903,Travel,$454/mo,104879,Expired,15/03/2025
P0833,C0710,Life,$392/mo,691887,Expired,08/12/2024
P0834,C0324,Health,$356/mo,788696,Active,18/06/2024
P0835,C0941,Home,$176/mo,796248,Active,18/07/2024
P0836,C0643,Auto,$221/mo,98418,Active,17/09/2023
P0837,C0152,Travel,$245/mo,326431,Expired,20/04/2024
P0838,C0687,Home,$247/mo,819397,Expired,30/05/2023
P0839,C0286,Health,$494/mo,883696,Active,30/04/2024
P0840,C0379,Travel,$371/mo,933068,Active,06/11/2024
P0841,C0808,Auto,$296/mo,969996,Expired,29/11/2023
P0842,C0935,Life,$271/mo,220560,Expired,25/11/2023
P0843,C0221,Health,$268/mo,403590,Expired,27/09/2023
P0844,C0362,Life,$414/mo,516398,Active,26/04/2025
P0845,C0423,Auto,$284/mo,668532,Expired,05/02/2024
P0846,C0016,Life,$266/mo,532256,Active,05/11/2024
P0847,C0874,Auto,$373/mo,496785,Active,12/01/2025
P0848,C0759,Life,$323/mo,179710,Expired,23/07/2023
P0849,C0250,Health,$396/mo,889650,Active,29/06/2023
P0850,C0525,Travel,$260/mo,834508,Active,05/07/2024
P0851,C0732,Auto,$428/mo,578378,Expired,09/11/2023
P0852,C0165,Home,$151/mo,627181,Active,25/12/2023
P0853,C0196,Health,$395/mo,35410,Active,27/09/2023
P0854,C0616,Travel,$68/mo,218384,Expired,02/08/2024
P0855,C0669,Home,$246/mo,570448,Expired,30/04/2025
P0856,C0387,Health,$244/mo,567014,Active,22/01/2024
P0857,C0706,Home,$317/mo,877360,Expired,19/11/2023
P0858,C0677,Home,$59/mo,951141,Active,10/05/2024
P0859,C0220,Health,$296/mo,961130,Active,11/11/2023
P0860,C0216,Life,$230/mo,583858,Active,11/04/2025
P0861,C0072,Health,$70/mo,823858,Expired,12/05/2023
P0862,C0467,Travel,$207/mo,536063,Expired,21/12/2023
P0863,C0803,Home,$60/mo,399184,Active,02/05/2024
P0864,C0736,Auto,$243/mo,798158,Active,01/04/2024
P0865,C0194,Auto,$198/mo,721602,Expired,04/05/2024
P0866,C0895,Travel,$423/mo,846332,Active,01/02/2024
P0867,C0956,Travel,$343/mo,713120,Active,31/03/2025
P0868,C0050,Home,$79/mo,422191,Active,26/02/2025
P0869,C0397,Auto,$418/mo,869066,Expired,22/03/2024
P0870,C0179,Life,$304/mo,929115,Expired,11/05/2023
P0871,C0518,Health,$194/mo,756446,Expired,29/07/2024
P0872,C0841,Home,$416/mo,379572,Active,27/12/2023
P0873,C0037,Life,$201/mo,855919,Expired,10/07/2023
P0874,C0307,Health,$320/mo,269915,Active,31/07/2024
P0875,C0865,Travel,$216/mo,185402,Active,29/01/2024
P0876,C0738,Home,$125/mo,780620,Active,01/04/2025
P0877,C0724,Health,$331/mo,748676,Active,01/09/2024
P0878,C0814,Health,$403/mo,695450,Active,14/02/2024
P0879,C0302,Travel,$453/mo,578175,Expired,09/03/2025
P0880,C0389,Home,$495/mo,654473,Active,06/04/2025
P0881,C0496,Life,$172/mo,473500,Active,22/10/2024
P0882,C0224,Travel,$312/mo,631564,Expired,02/07/2023
P0883,C0110,Health,$81/mo,98262,Active,23/07/2023
P0884,C0599,Home,$100/mo,322420,Active,11/12/2023
P0885,C0792,Travel,$386/mo,292719,Active,24/08/2024
P0886,C0245,Auto,$143/mo,165797,Expired,06/04/2024
P0887,C0103,Health,$449/mo,11432,Active,30/12/2024
P0888,C0983,Life,$319/mo,327033,Active,26/04/2024
P0889,C0526,Life,$134/mo,121427,Active,15/07/2023
P0890,C0560,Health,$321/mo,216938,Expired,01/09/2023
P0891,C0741,Auto,$255/mo,718126,Expired,07/05/2024
P0892,C0639,Life,$54/mo,734860,Expired,11/12/2024
P0893,C0726,Auto,$386/mo,193980,Expired,16/10/2023
P0894,C0586,Life,$336/mo,546178,Expired,24/12/2023
P0895,C0390,Health,$203/mo,887956,Expired,06/03/2024
P0896,C0631,Auto,$124/mo,926089,Expired,28/08/2023
P0897,C0302,Health,$99/mo,948628,Active,14/07/2023
P0898,C0233,Health,$91/mo,394697,Expired,12/10/2023
P0899,C0396,Travel,$375/mo,535324,Expired,19/05/2024
P0900,C0490,Life,$137/mo,169682,Active,02/02/2024
P0901,C0815,Auto,$193/mo,641476,Active,28/03/2024
P0902,C0114,Auto,$125/mo,100051,Active,08/11/2024
P0903,C0616,Home,$128/mo,578856,Active,01/01/2024
P0904,C0842,Health,$456/mo,853453,Expired,03/10/2023
P0905,C0476,Home,$101/mo,842291,Active,23/02/2025
P0906,C0621,Health,$458/mo,849446,Active,23/12/2024
P0907,C0771,Home,$316/mo,168588,Expired,21/04/2024
P0908,C0392,Life,$246/mo,771443,Active,17/03/2025
P0909,C0760,Travel,$349/mo,364453,Active,17/04/2024
P0910,C0354,Health,$485/mo,49273,Expired,06/12/2023
P0911,C0848,Health,$482/mo,603678,Expired,03/08/2024
P0912,C0019,Travel,$110/mo,460144,Expired,23/03/2025
P0913,C0592,Auto,$350/mo,711624,Expired,29/05/2024
P0914,C0903,Auto,$231/mo,446906,Expired,11/04/2024
P0915,C0692,Auto,$371/mo,825303,Active,18/02/2024
P0916,C0948,Home,$410/mo,261828,Active,02/05/2025
P0917,C0464,Auto,$393/mo,395549,Active,13/04/2025
P0918,C0912,Life,$218/mo,713834,Expired,19/08/2023
P0919,C0583,Home,$192/mo,523925,Active,26/10/2023
P0920,C0752,Life,$347/mo,55432,Active,20/01/2024
P0921,C0356,Auto,$65/mo,42151,Active,18/06/2023
P0922,C0507,Health,$230/mo,271433,Active,13/03/2025
P0923,C0295,Life,$213/mo,204988,Expired,09/05/2024
P0924,C0203,Auto,$476/mo,811851,Expired,09/10/2024
P0925,C0074,Home,$480/mo,80434,Active,17/12/2023
P0926,C0810,Travel,$91/mo,69861,Active,15/01/2025
P0927,C0969,Auto,$210/mo,314673,Active,17/05/2024
P0928,C0192,Travel,$437/mo,351874,Active,24/12/2023
P0929,C0316,Home,$229/mo,159475,Active,23/10/2024
P0930,C0351,Travel,$263/mo,858850,Active,15/12/2023
P0931,C0644,Auto,$253/mo,758844,Expired,29/04/2024
P0932,C0705,Auto,$432/mo,293281,Expired,28/04/2025
P0933,C0638,Life,$118/mo,158273,Active,16/08/2023
P0934,C0164,Health,$110/mo,163906,Expired,19/12/2024
P0935,C0706,Travel,$284/mo,823604,Active,17/12/2024
P0936,C0799,Travel,$335/mo,228819,Expired,02/05/2024
P0937,C0744,Auto,$146/mo,813039,Active,23/03/2025
P0938,C0898,Travel,$138/mo,587341,Active,07/07/2024
P0939,C0029,Life,$180/mo,861333,Active,03/11/2023
P0940,C0167,Home,$217/mo,224244,Active,01/06/2024
P0941,C0664,Health,$437/mo,365108,Expired,17/08/2023
P0942,C0703,Travel,$254/mo,195968,Active,14/03/2024
P0943,C0717,Travel,$331/mo,701706,Active,23/01/2024
P0944,C0861,Life,$470/mo,704292,Active,16/08/2023
P0945,C0151,Health,$495/mo,12657,Expired,20/01/2024
P0946,C0164,Travel,$160/mo,130767,Active,27/06/2023
P0947,C0425,Travel,$486/mo,851560,Active,03/09/2023
P0948,C0231,Life,$97/mo,882653,Active,25/03/2025
P0949,C0430,Health,$126/mo,419670,Active,05/05/2024
P0950,C0569,Life,$98/mo,340999,Expired,06/10/2023
P0951,C0191,Home,$94/mo,821505,Active,12/09/2023
P0952,C0733,Home,$417/mo,444455,Active,28/08/2023
P0953,C0117,Health,$245/mo,460155,Expired,19/02/2025
P0954,C0827,Health,$278/mo,561091,Expired,14/07/2023
P0955,C0976,Life,$60/mo,918300,Expired,03/10/2023
P0956,C0862,Travel,$129/mo,709283,Active,22/09/2024
P0957,C0930,Health,$445/mo,138398,Expired,08/05/2023
P0958,C0317,Auto,$184/mo,584853,Expired,07/04/2024
P0959,C0275,Auto,$322/mo,874196,Expired,17/05/2024
P0960,C0057,Travel,$150/mo,74543,Active,21/06/2023
P0961,C0357,Auto,$479/mo,556140,Expired,17/12/2024
P0962,C0301,Travel,$122/mo,94644,Expired,07/06/2023
P0963,C0396,Life,$201/mo,488781,Expired,09/06/2023
P0964,C0293,Health,$62/mo,306407,Expired,14/05/2023
P0965,C0289,Home,$244/mo,545600,Expired,14/04/2025
P0966,C0148,Auto,$376/mo,543670,Active,02/02/2024
P0967,C0264,Health,$445/mo,380121,Expired,29/03/2024
P0968,C0922,Home,$170/mo,852149,Active,18/05/2024
P0969,C0913,Auto,$129/mo,799920,Active,10/09/2023
P0970,C0747,Auto,$184/mo,463361,Active,12/05/2023
P0971,C0463,Health,$287/mo,310355,Active,11/07/2023
P0972,C0026,Health,$185/mo,68702,Expired,11/08/2023
P0973,C0059,Health,$213/mo,83043,Expired,13/04/2024
P0974,C0106,Home,$75/mo,308435,Expired,14/03/2025
P0975,C0624,Life,$461/mo,712623,Expired,07/06/2024
P0976,C0270,Life,$320/mo,470901,Expired,18/11/2024
P0977,C0863,Health,$429/mo,880938,Expired,24/01/2024
P0978,C0780,Home,$391/mo,936853,Active,20/08/2024
P0979,C0743,Auto,$241/mo,501162,Expired,02/05/2025
P0980,C0290,Auto,$291/mo,744119,Active,18/06/2023
P0981,C0949,Life,$427/mo,410998,Active,16/12/2024
P0982,C0278,Travel,$247/mo,265826,Active,30/06/2024
P0983,C0316,Auto,$388/mo,894762,Expired,21/10/2024
P0984,C0669,Home,$460/mo,980264,Expired,09/10/2023
P0985,C0070,Travel,$239/mo,536358,Active,18/12/2024
P0986,C0154,Health,$446/mo,464987,Expired,02/10/2024
P0987,C0272,Health,$67/mo,500861,Active,24/08/2023
P0988,C1000,Auto,$312/mo,692471,Active,17/07/2023
P0989,C0876,Health,$56/mo,102014,Expired,13/01/2024
P0990,C0447,Home,$83/mo,40417,Expired,04/09/2023
P0991,C0044,Home,$403/mo,896063,Active,17/03/2025
P0992,C0151,Home,$183/mo,891163,Expired,21/02/2025
P0993,C0138,Auto,$401/mo,209837,Expired,30/12/2023
P0994,C0975,Travel,$337/mo,745992,Active,07/08/2024
P0995,C0896,Auto,$310/mo,130504,Expired,21/07/2023
P0996,C0274,Health,$80/mo,728294,Expired,21/04/2024
P0997,C0561,Health,$193/mo,279492,Active,19/12/2023
P0998,C0670,Auto,$121/mo,655471,Active,02/08/2023
P0999,C0677,Health,$221/mo,931450,Active,16/08/2024
P1000,C0909,Auto,$447/mo,171138,Active,12/05/2024
P1028,C0339,Auto,$422/mo,980282,Active,06/02/2024
P1129,C0618,Travel,$68/mo,937515,Active,27/07/2024
P1130,C0806,Travel,$300/mo,24100,Active,12/04/2025
P1150,C0531,Home,$267/mo,225980,Active,10/07/2024
P1151,C0066,Auto,$373/mo,263203,Active,05/06/2023
P1167,C0894,Health,$276/mo,77095,Active,07/09/2024
P1192,C0908,Home,$76/mo,566785,Active,24/07/2024
P1253,C0582,Home,$441/mo,328672,Active,08/08/2023
P1259,C0502,Life,$204/mo,949072,Active,08/08/2024
P1289,C0944,Home,$241/mo,328539,Active,22/12/2024
P1290,C0581,Auto,$140/mo,635925,Active,27/09/2024
P1349,C0495,Home,$301/mo,418717,Active,05/06/2024
P1360,C0776,Life,$335/mo,47546,Active,23/03/2025
P1376,C0765,Home,$209/mo,896052,Active,11/11/2024
P1391,C0358,Life,$221/mo,451884,Active,19/07/2023
P1397,C0962,Travel,$227/mo,535506,Active,14/02/2024
P1439,C0672,Auto,$394/mo,713651,Active,22/09/2024
P1497,C0959,Travel,$98/mo,439262,Active,25/12/2024
P1527,C0701,Home,$302/mo,729583,Active,12/04/2024
P1531,C0500,Auto,$471/mo,142952,Active,30/06/2024
P1554,C0326,Auto,$184/mo,676567,Active,23/06/2024
P1608,C0594,Travel,$154/mo,549659,Active,30/11/2023
P1631,C0068,Life,$441/mo,215143,Active,22/05/2024
P1648,C0372,Life,$469/mo,503152,Active,17/03/2025
P1689,C0702,Home,$475/mo,259049,Active,03/12/2024
P1757,C0041,Travel,$235/mo,121722,Active,05/05/2025
P1759,C0952,Health,$433/mo,579776,Active,19/05/2024
P1775,C0352,Home,$133/mo,610300,Active,21/05/2024
P1793,C0878,Health,$345/mo,941008,Active,24/01/2025
P1816,C0988,Health,$367/mo,107478,Active,14/07/2023
P1849,C0824,Home,$392/mo,586749,Active,13/08/2024
P1863,C0739,Home,$174/mo,780685,Active,21/01/2024
P1886,C0368,Travel,$320/mo,408868,Active,23/08/2024
P1908,C0734,Health,$259/mo,377134,Active,18/01/2025
P1919,C0696,Health,$327/mo,409647,Active,13/06/2023
P1923,C0680,Life,$323/mo,44369,Active,26/10/2024
P1929,C0597,Health,$492/mo,790355,Active,25/03/2025
P1961,C0261,Health,$97/mo,728663,Active,26/06/2023
P2000,C0790,Life,$138/mo,35874,Active,16/02/2024
P2003,C0667,Health,$478/mo,581962,Active,06/10/2024
P2050,C0031,Life,$348/mo,710045,Active,21/09/2023
P2064,C0015,Home,$58/mo,406153,Active,07/01/2024
P2106,C0432,Travel,$283/mo,76687,Active,29/07/2024
P2162,C0256,Travel,$152/mo,596627,Active,26/08/2024
P2198,C0787,Health,$213/mo,824685,Active,24/09/2024
P2224,C0082,Travel,$377/mo,390991,Active,06/02/2024
P2226,C0087,Auto,$315/mo,664258,Active,06/06/2023
P2273,C0349,Auto,$155/mo,659183,Active,23/01/2025
P2361,C0596,Health,$441/mo,419026,Active,22/12/2024
P2375,C0321,Travel,$375/mo,290540,Active,14/11/2024
P2379,C0595,Auto,$472/mo,560413,Active,28/05/2024
P2418,C0172,Travel,$289/mo,565946,Active,29/05/2023
P2434,C0707,Life,$175/mo,212484,Active,09/07/2024
P2438,C0520,Auto,$429/mo,347606,Active,24/09/2024
P2441,C0180,Auto,$490/mo,461963,Active,30/04/2025
P2482,C0510,Life,$173/mo,576542,Active,12/11/2023
P2500,C0548,Home,$353/mo,406656,Active,15/05/2024
P2513,C0306,Travel,$157/mo,572578,Active,18/05/2023
P2523,C0035,Auto,$229/mo,32877,Active,12/04/2024
P2527,C0034,Auto,$150/mo,478345,Active,25/01/2024
P2545,C0846,Life,$260/mo,216188,Active,28/07/2023
P2577,C0090,Auto,$170/mo,775286,Active,13/05/2024
P2579,C0893,Auto,$54/mo,879133,Active,12/07/2023
P2590,C0014,Auto,$393/mo,514389,Active,22/03/2025
P2591,C0365,Home,$296/mo,757990,Active,09/07/2023
P2675,C0121,Home,$424/mo,570180,Active,30/10/2023
P2679,C0415,Travel,$342/mo,368074,Active,21/01/2024
P2727,C0860,Auto,$207/mo,691073,Active,05/05/2024
P2735,C0906,Home,$386/mo,730887,Active,16/11/2023
P2778,C0215,Auto,$89/mo,950412,Active,29/07/2024
P2800,C0239,Health,$138/mo,123352,Active,17/07/2024
P2872,C0783,Health,$80/mo,13799,Active,04/08/2024
P2916,C0514,Life,$242/mo,311474,Active,04/06/2023
P2965,C0723,Life,$191/mo,579881,Active,10/08/2024
P3038,C0411,Home,$491/mo,24120,Active,18/12/2023
P3059,C0992,Home,$157/mo,669388,Active,28/11/2023
P3060,C0604,Travel,$389/mo,594567,Active,01/08/2023
P3095,C0987,Auto,$341/mo,422294,Active,25/06/2023
P3143,C0277,Auto,$311/mo,579878,Active,18/10/2023
P3165,C0955,Travel,$79/mo,713603,Active,28/02/2024
P3167,C0269,Health,$458/mo,524290,Active,07/10/2024
P3170,C0984,Auto,$84/mo,391020,Active,14/03/2024
P3172,C0632,Home,$410/mo,31309,Active,11/10/2024
P3173,C0406,Home,$361/mo,845916,Active,11/04/2025
P3176,C0902,Travel,$82/mo,106668,Active,26/12/2024
P3239,C0492,Health,$303/mo,875517,Active,29/01/2025
P3268,C0162,Home,$487/mo,513080,Active,16/08/2023
P3289,C0612,Auto,$230/mo,675666,Active,28/09/2024
P3310,C0587,Life,$238/mo,542592,Active,26/10/2023
P3312,C0197,Life,$403/mo,366265,Active,19/06/2024
P3351,C0450,Life,$190/mo,230834,Active,13/02/2024
P3358,C0779,Home,$85/mo,385230,Active,22/02/2025
P3362,C0299,Home,$182/mo,678619,Active,13/07/2024
P3423,C0065,Life,$94/mo,327668,Active,12/04/2025
P3426,C0885,Health,$279/mo,991952,Active,11/08/2023
P3502,C0125,Life,$317/mo,381644,Active,15/09/2023
P3562,C0809,Home,$272/mo,756318,Active,26/07/2024
P3583,C0493,Health,$265/mo,216604,Active,13/04/2024
P3609,C0917,Life,$270/mo,756375,Active,13/10/2024
P3672,C0260,Home,$431/mo,750582,Active,07/01/2024
P3700,C0575,Travel,$103/mo,509947,Active,28/08/2024
P3716,C0373,Auto,$295/mo,423508,Active,31/01/2025
P3757,C0143,Health,$408/mo,773728,Active,30/04/2024
P3770,C0663,Home,$305/mo,146666,Active,21/02/2024
P3817,C0883,Auto,$354/mo,413092,Active,02/01/2025
P3916,C0206,Travel,$306/mo,505410,Active,25/01/2024
P3953,C0244,Auto,$307/mo,44906,Active,28/07/2024
P3978,C0024,Life,$428/mo,380322,Active,27/04/2024
P3988,C0817,Home,$341/mo,699855,Active,07/05/2024
P3995,C0071,Home,$65/mo,114711,Active,02/12/2024
P4008,C0181,Auto,$172/mo,408325,Active,13/09/2024
P4037,C0456,Home,$162/mo,475730,Active,20/11/2023
P4061,C0767,Travel,$189/mo,797989,Active,29/03/2024
P4090,C0431,Life,$488/mo,647075,Active,10/11/2023
P4094,C0452,Home,$374/mo,528154,Active,23/09/2023
P4100,C0462,Travel,$410/mo,312001,Active,30/06/2023
P4113,C0630,Life,$56/mo,399926,Active,06/06/2023
P4116,C0168,Auto,$132/mo,208187,Active,25/09/2024
P4132,C0905,Auto,$230/mo,786220,Active,08/10/2023
P4151,C0832,Life,$361/mo,45265,Active,14/11/2023
P4154,C0195,Auto,$61/mo,67293,Active,18/09/2023
P4170,C0555,Travel,$387/mo,606753,Active,07/01/2024
P4191,C0834,Health,$210/mo,651065,Active,06/01/2025
P4218,C0232,Travel,$189/mo,558751,Active,04/03/2024
P4268,C0076,Health,$103/mo,34598,Active,05/02/2024
P4271,C0282,Home,$214/mo,99495,Active,28/06/2023
P4308,C0100,Home,$105/mo,698571,Active,01/01/2024
P4314,C0855,Life,$317/mo,471250,Active,11/09/2024
P4315,C0158,Home,$110/mo,210402,Active,03/09/2023
P4377,C0480,Home,$107/mo,23752,Active,15/09/2024
P4438,C0879,Home,$274/mo,118458,Active,07/08/2023
P4442,C0627,Auto,$427/mo,565048,Active,10/05/2024
P4449,C0402,Travel,$61/mo,811010,Active,25/03/2024
P4473,C0580,Health,$453/mo,154691,Active,10/06/2023
P4518,C0171,Auto,$101/mo,634257,Active,22/09/2023
P4521,C0485,Life,$122/mo,305377,Active,31/05/2023
P4533,C0564,Life,$231/mo,915301,Active,07/11/2023
P4537,C0658,Life,$58/mo,764336,Active,27/06/2023
P4553,C0202,Auto,$417/mo,587638,Active,13/05/2024
P4566,C0022,Home,$259/mo,885503,Active,07/04/2025
P4623,C0375,Home,$267/mo,387514,Active,28/08/2024
P4625,C0798,Travel,$224/mo,852764,Active,26/01/2024
P4644,C0511,Travel,$197/mo,831425,Active,15/03/2025
P4686,C0530,Health,$77/mo,530729,Active,07/06/2024
P4691,C0427,Auto,$428/mo,782460,Active,10/09/2023
P4708,C0033,Auto,$232/mo,146308,Active,03/04/2025
P4771,C0223,Health,$341/mo,991322,Active,05/06/2023
P4786,C0918,Travel,$140/mo,200303,Active,05/07/2023
P4797,C0891,Life,$101/mo,812634,Active,07/02/2025
P4813,C0673,Home,$274/mo,458638,Active,17/08/2023
P4824,C0073,Home,$410/mo,761669,Active,13/10/2024
P4857,C0243,Health,$297/mo,177935,Active,17/07/2023
P4902,C0437,Life,$403/mo,685737,Active,21/11/2024
P4942,C0491,Travel,$364/mo,508001,Active,27/01/2024
P4985,C0017,Life,$374/mo,801754,Active,31/07/2024
P5043,C0370,Health,$266/mo,459780,Active,29/07/2024
P5054,C0254,Life,$354/mo,638049,Active,29/07/2024
P5056,C0408,Life,$408/mo,140248,Active,14/04/2025
P5069,C0820,Health,$150/mo,519078,Active,09/03/2024
P5078,C0541,Health,$59/mo,871211,Active,04/04/2024
P5094,C0259,Auto,$250/mo,581376,Active,22/11/2023
P5130,C0558,Health,$470/mo,698677,Active,27/09/2024
P5174,C0686,Auto,$338/mo,180356,Active,06/02/2025
P5176,C0371,Health,$316/mo,237767,Active,23/06/2023
P5181,C0210,Life,$144/mo,605867,Active,22/12/2024
P5193,C0241,Home,$271/mo,497808,Active,03/12/2024
P5238,C0572,Travel,$394/mo,305316,Active,12/04/2024
P5285,C0920,Health,$300/mo,288083,Active,15/01/2024
P5349,C0126,Life,$371/mo,405214,Active,31/03/2024
P5427,C0159,Life,$292/mo,756987,Active,13/08/2024
P5432,C0335,Health,$450/mo,266108,Active,27/11/2024
P5460,C0979,Travel,$68/mo,807613,Active,04/03/2025
P5468,C0268,Auto,$109/mo,550862,Active,24/01/2024
P5485,C0754,Travel,$404/mo,764592,Active,26/09/2024
P5499,C0051,Auto,$192/mo,486775,Active,29/08/2024
P5538,C0735,Life,$181/mo,286308,Active,16/01/2025
P5628,C0147,Health,$367/mo,883754,Active,25/09/2024
P5642,C0986,Travel,$291/mo,977004,Active,29/04/2025
P5684,C0303,Travel,$410/mo,662935,Active,21/07/2023
P5691,C0499,Life,$345/mo,120762,Active,03/09/2024
P5762,C0886,Home,$464/mo,626338,Active,03/05/2025
P5773,C0391,Life,$449/mo,643382,Active,09/06/2024
P5821,C0549,Auto,$376/mo,562055,Active,27/01/2025
P5828,C0061,Home,$336/mo,196659,Active,21/07/2023
P5839,C0556,Travel,$462/mo,544041,Active,30/07/2024
P5882,C0763,Life,$98/mo,25712,Active,05/11/2023
P5899,C0078,Home,$183/mo,228080,Active,12/06/2024
P5913,C0833,Home,$236/mo,162666,Active,26/05/2024
P5975,C0055,Travel,$135/mo,893541,Active,20/08/2023
P6007,C0347,Health,$275/mo,156355,Active,07/08/2023
P6033,C0800,Travel,$439/mo,104401,Active,20/06/2024
P6042,C0578,Home,$254/mo,876921,Active,12/05/2024
P6045,C0899,Home,$342/mo,151247,Active,10/04/2025
P6050,C0353,Life,$339/mo,698763,Active,07/02/2024
P6102,C0934,Travel,$137/mo,713650,Active,26/09/2023
P6111,C0943,Home,$131/mo,46372,Active,09/07/2023
P6123,C0919,Home,$342/mo,435281,Active,14/09/2024
P6134,C0576,Life,$270/mo,494671,Active,23/01/2024
P6155,C0731,Life,$462/mo,966138,Active,05/10/2023
P6162,C0466,Auto,$392/mo,387965,Active,26/12/2023
P6180,C0557,Life,$421/mo,703348,Active,17/05/2023
P6219,C0169,Auto,$416/mo,943816,Active,07/03/2025
P6277,C0770,Auto,$347/mo,660717,Active,09/05/2023
P6287,C0249,Life,$166/mo,547977,Active,20/01/2024
P6290,C0764,Travel,$56/mo,695641,Active,19/10/2023
P6302,C0112,Health,$328/mo,182776,Active,26/10/2023
P6309,C0455,Life,$223/mo,205177,Active,09/03/2024
P6339,C0039,Health,$440/mo,331228,Active,16/12/2024
P6353,C0111,Life,$258/mo,791070,Active,02/06/2023
P6392,C0704,Health,$314/mo,831459,Active,11/08/2023
P6393,C0428,Travel,$109/mo,111394,Active,03/07/2024
P6400,C0434,Health,$314/mo,317031,Active,27/04/2025
P6431,C0478,Life,$214/mo,994311,Active,16/07/2024
P6443,C0305,Home,$462/mo,867121,Active,05/05/2025
P6455,C0139,Auto,$129/mo,364764,Active,13/11/2023
P6472,C0794,Home,$230/mo,813862,Active,31/08/2024
P6515,C0360,Life,$322/mo,455148,Active,08/02/2024
P6525,C0475,Health,$103/mo,297183,Active,25/11/2023
P6546,C0676,Life,$59/mo,524369,Active,21/05/2023
P6553,C0236,Home,$367/mo,312264,Active,25/08/2023
P6574,C0871,Auto,$163/mo,928971,Active,24/03/2025
P6597,C0829,Travel,$394/mo,70402,Active,28/06/2023
P6600,C0166,Home,$226/mo,613407,Active,18/09/2024
P6613,C0094,Home,$216/mo,266219,Active,28/09/2023
P6623,C0021,Travel,$53/mo,53870,Active,15/12/2023
P6628,C0679,Auto,$77/mo,272400,Active,22/08/2024
P6646,C0750,Life,$159/mo,505006,Active,13/09/2024
P6665,C0722,Travel,$265/mo,954859,Active,18/12/2024
P6678,C0200,Home,$343/mo,920262,Active,01/05/2024
P6743,C0947,Auto,$67/mo,139216,Active,26/11/2024
P6760,C0320,Travel,$297/mo,164939,Active,08/10/2023
P6793,C0849,Auto,$393/mo,855886,Active,07/07/2024
P6863,C0907,Life,$169/mo,104716,Active,10/02/2025
P6884,C0890,Auto,$240/mo,142921,Active,25/07/2023
P6936,C0844,Home,$142/mo,922997,Active,23/01/2024
P6938,C0755,Auto,$56/mo,831156,Active,11/11/2024
P6946,C0830,Auto,$464/mo,528159,Active,07/11/2023
P6969,C0540,Life,$305/mo,773231,Active,12/06/2023
P7039,C0310,Auto,$102/mo,728988,Active,29/07/2023
P7063,C0529,Life,$113/mo,822989,Active,21/01/2024
P7085,C0821,Travel,$217/mo,309655,Active,05/04/2025
P7112,C0006,Health,$81/mo,136149,Active,28/07/2024
P7126,C0160,Life,$235/mo,957582,Active,14/03/2025
P7256,C0695,Home,$322/mo,734752,Active,09/07/2024
P7258,C0974,Home,$395/mo,220513,Active,14/02/2024
P7260,C0086,Life,$126/mo,309982,Active,22/11/2024
P7281,C0925,Auto,$235/mo,734646,Active,16/01/2025
P7320,C0020,Auto,$400/mo,670010,Active,23/11/2023
P7344,C0047,Travel,$235/mo,584513,Active,16/09/2024
P7357,C0884,Auto,$54/mo,260237,Active,07/07/2024
P7372,C0915,Auto,$164/mo,532314,Active,02/04/2025
P7374,C0045,Travel,$209/mo,745048,Active,13/09/2023
P7378,C0666,Health,$351/mo,58215,Active,11/08/2024
P7412,C0252,Home,$473/mo,932259,Active,05/03/2024
P7446,C0545,Home,$98/mo,123999,Active,11/06/2024
P7457,C0230,Auto,$398/mo,453896,Active,12/06/2023
P7458,C0980,Home,$62/mo,404313,Active,01/06/2024
P7544,C0279,Health,$297/mo,443014,Active,21/06/2023
P7559,C0868,Life,$210/mo,407815,Active,17/07/2023
P7618,C0382,Home,$490/mo,638995,Active,05/07/2023
P7637,C0857,Auto,$499/mo,863766,Active,18/11/2023
P7648,C0383,Travel,$403/mo,302079,Active,14/06/2023
P7683,C0439,Home,$324/mo,228992,Active,11/10/2023
P7733,C0929,Life,$126/mo,31936,Active,13/02/2024
P7743,C0539,Travel,$140/mo,708334,Active,20/10/2024
P7764,C0751,Health,$392/mo,821059,Active,14/09/2024
P7815,C0421,Health,$318/mo,692955,Active,04/05/2024
P7829,C0088,Travel,$205/mo,45750,Active,02/05/2025
P7858,C0718,Auto,$205/mo,252955,Active,04/07/2024
P7870,C0149,Auto,$51/mo,443842,Active,07/12/2024
P7887,C0589,Travel,$485/mo,221196,Active,10/06/2024
P7892,C0091,Life,$140/mo,778366,Active,12/05/2024
P7944,C0534,Life,$379/mo,51427,Active,13/10/2024
P7954,C0740,Life,$370/mo,60801,Active,18/10/2024
P8024,C0226,Life,$108/mo,157828,Active,27/02/2024
P8057,C0927,Home,$359/mo,198772,Active,30/09/2024
P8062,C0214,Auto,$261/mo,492217,Active,13/12/2023
P8063,C0609,Auto,$448/mo,526252,Active,18/05/2024
P8086,C0781,Life,$275/mo,850485,Active,03/09/2024
P8105,C0075,Home,$418/mo,275589,Active,01/05/2025
P8115,C0488,Home,$371/mo,259906,Active,22/08/2024
P8116,C0238,Health,$377/mo,948335,Active,13/12/2024
P8118,C0807,Health,$337/mo,439334,Active,05/05/2024
P8120,C0766,Auto,$381/mo,435830,Active,20/02/2024
P8159,C0003,Home,$298/mo,449728,Active,26/10/2024
P8197,C0498,Travel,$249/mo,806265,Active,29/03/2025
P8217,C0840,Life,$243/mo,526512,Active,23/01/2024
P8223,C0789,Health,$184/mo,380224,Active,11/07/2023
P8227,C0011,Health,$492/mo,468468,Active,07/07/2023
P8243,C0588,Auto,$401/mo,899375,Active,28/09/2024
P8252,C0993,Travel,$466/mo,110637,Active,24/12/2024
P8256,C0468,Life,$383/mo,790665,Active,17/05/2023
P8296,C0257,Life,$192/mo,164985,Active,23/08/2023
P8322,C0222,Home,$117/mo,162636,Active,14/09/2023
P8364,C0671,Travel,$318/mo,916568,Active,20/03/2024
P8377,C0967,Travel,$401/mo,971687,Active,14/01/2025
P8381,C0069,Life,$105/mo,557698,Active,22/06/2023
P8400,C0085,Home,$164/mo,174332,Active,02/06/2024
P8429,C0562,Life,$208/mo,895178,Active,28/06/2023
P8438,C0361,Auto,$148/mo,721013,Active,10/06/2024
P8446,C0745,Health,$203/mo,104014,Active,08/07/2024
P8469,C0864,Health,$339/mo,321515,Active,15/06/2023
P8485,C0939,Auto,$358/mo,887376,Active,01/10/2024
P8499,C0535,Home,$222/mo,486029,Active,11/12/2023
P8524,C0471,Travel,$322/mo,268102,Active,03/04/2025
P8526,C0067,Travel,$454/mo,313589,Active,05/12/2023
P8537,C0728,Auto,$448/mo,792009,Active,18/01/2025
P8538,C0682,Travel,$490/mo,911853,Active,23/01/2025
P8540,C0364,Health,$127/mo,80383,Active,01/06/2024
P8544,C0001,Travel,$189/mo,918472,Active,25/07/2023
P8593,C0058,Life,$165/mo,489865,Active,20/01/2024
P8606,C0936,Life,$117/mo,31836,Active,01/04/2025
P8626,C0119,Health,$425/mo,813766,Active,30/11/2023
P8637,C0854,Auto,$124/mo,337770,Active,12/11/2023
P8673,C0633,Health,$347/mo,117799,Active,08/09/2023
P8692,C0161,Life,$136/mo,996015,Active,23/11/2024
P8713,C0554,Travel,$134/mo,121712,Active,26/04/2025
P8722,C0131,Auto,$149/mo,59118,Active,12/09/2023
P8728,C0870,Auto,$439/mo,431733,Active,05/09/2023
P8738,C0092,Health,$182/mo,398198,Active,14/07/2023
P8759,C0334,Travel,$87/mo,766818,Active,06/07/2024
P8789,C0720,Health,$128/mo,626897,Active,20/10/2023
P8852,C0951,Health,$447/mo,803323,Active,03/05/2025
P8862,C0115,Life,$395/mo,626890,Active,09/06/2023
P8877,C0040,Travel,$110/mo,383629,Active,11/02/2024
P8912,C0063,Health,$393/mo,329947,Active,02/01/2025
P8913,C0659,Travel,$137/mo,111382,Active,26/08/2023
P8932,C0875,Life,$150/mo,48759,Active,26/05/2024
P8964,C0607,Auto,$391/mo,655441,Active,02/02/2025
P8973,C0972,Life,$300/mo,950096,Active,11/02/2024
P9015,C0645,Auto,$138/mo,153034,Active,01/04/2025
P9115,C0136,Life,$238/mo,563230,Active,28/03/2024
P9147,C0954,Life,$472/mo,106395,Active,19/04/2025
P9173,C0448,Health,$159/mo,321046,Active,07/05/2023
P9182,C0028,Life,$212/mo,39650,Active,28/08/2023
P9223,C0778,Health,$110/mo,182657,Active,16/02/2024
P9244,C0923,Life,$299/mo,868482,Active,20/10/2024
P9266,C0544,Life,$174/mo,698102,Active,16/02/2024
P9412,C0429,Life,$217/mo,610535,Active,15/06/2024
P9456,C0852,Health,$466/mo,694769,Active,28/10/2024
P9482,C0405,Travel,$425/mo,866051,Active,31/08/2023
P9500,C0208,Life,$427/mo,445581,Active,10/11/2024
P9520,C0374,Health,$249/mo,396939,Active,09/03/2024
P9521,C0997,Home,$208/mo,43161,Active,05/11/2024
P9579,C0818,Travel,$101/mo,256516,Active,01/11/2023
P9601,C0048,Travel,$408/mo,663049,Active,05/01/2024
P9609,C0957,Travel,$384/mo,120187,Active,21/11/2024
P9617,C0497,Auto,$87/mo,848622,Active,22/07/2024
P9619,C0971,Travel,$257/mo,538979,Active,21/05/2024
P9645,C0990,Home,$290/mo,181268,Active,13/04/2025
P9777,C0837,Health,$161/mo,983477,Active,31/03/2024
P9804,C0565,Travel,$324/mo,674919,Active,12/12/2023
P9820,C0968,Health,$285/mo,725342,Active,10/10/2024
P9845,C0716,Home,$449/mo,262364,Active,21/12/2023
P9860,C0205,Auto,$224/mo,985375,Active,10/07/2023
P9903,C0653,Home,$223/mo,432189,Active,21/10/2024
P9919,C0942,Auto,$64/mo,874279,Active,16/02/2025
P9923,C0999,Home,$421/mo,69842,Active,29/02/2024
P9946,C0547,Health,$357/mo,904494,Active,17/06/2024
P9951,C0889,Health,$230/mo,779516,Active,04/11/2023
P9999,C9999,Life,$999/mo,999999,Active,01/07/2025
P3432,C4343,Auto,$100/mo,777776,Active,01/07/2025
P9951,C0889,Health,$230/mo,779516,Active,04/11/2023
