Policy_ID,Customer_ID,Risk_Score,Approval_Status,SRC_TRANSACTION_DATE
P0001,C0344,100,Rejected,10/03/2024
P0002,C0474,24,Approved,17/09/2023
P0003,C0644,62,Under Review,03/10/2023
P0004,C0956,66,Under Review,20/11/2024
P0005,C0933,86,Rejected,22/11/2023
P0006,C0664,40,Under Review,01/09/2023
P0007,C0796,80,Rejected,18/03/2024
P0008,C0054,6,Approved,22/04/2025
P0009,C0231,66,Under Review,23/09/2024
P0010,C0129,55,Under Review,16/09/2024
P0011,C0898,64,Under Review,13/02/2025
P0012,C0324,22,Approved,08/05/2023
P0013,C0027,74,Rejected,11/07/2024
P0014,C0103,35,Under Review,04/05/2024
P0015,C0336,31,Under Review,24/02/2025
P0016,C0105,94,Rejected,22/12/2024
P0017,C0176,90,Rejected,30/01/2024
P0018,C0631,43,Under Review,13/03/2024
P0019,C0525,34,Under Review,26/07/2024
P0020,C0756,5,Approved,24/10/2024
P0021,C0441,58,Under Review,23/04/2025
P0022,C0517,2,Approved,05/07/2024
P0023,C0958,64,Under Review,17/01/2025
P0024,C0643,56,Under Review,09/07/2023
P0025,C0052,42,Under Review,03/06/2024
P0026,C0869,74,Rejected,10/06/2023
P0027,C0219,4,Approved,20/07/2023
P0028,C0309,90,Rejected,27/05/2024
P0029,C0151,72,Rejected,20/06/2024
P0030,C0981,66,Under Review,16/11/2023
P0031,C0424,29,Approved,26/07/2023
P0032,C0977,22,Approved,03/08/2023
P0033,C0308,55,Under Review,16/09/2024
P0034,C0519,66,Under Review,10/09/2023
P0035,C0795,96,Rejected,20/12/2024
P0036,C0513,25,Approved,15/07/2023
P0037,C0403,32,Under Review,27/03/2025
P0038,C0128,36,Under Review,26/02/2024
P0039,C0153,16,Approved,15/06/2023
P0040,C0183,28,Approved,04/04/2024
P0041,C0363,55,Under Review,10/05/2024
P0042,C0167,18,Approved,09/04/2025
P0043,C0772,52,Under Review,28/08/2023
P0044,C0404,92,Rejected,03/07/2023
P0045,C0465,36,Under Review,23/01/2025
P0046,C0189,78,Rejected,24/07/2023
P0047,C0046,64,Under Review,22/08/2024
P0048,C0689,91,Rejected,10/09/2024
P0049,C0961,64,Under Review,25/08/2024
P0050,C0419,28,Approved,21/09/2024
P0051,C0043,56,Under Review,21/09/2024
P0052,C0898,64,Under Review,19/11/2023
P0053,C0027,74,Rejected,06/03/2024
P0054,C0670,4,Approved,08/10/2024
P0055,C0494,90,Rejected,07/11/2024
P0056,C0887,67,Under Review,12/09/2024
P0057,C0473,63,Under Review,25/01/2024
P0058,C0914,78,Rejected,22/06/2024
P0059,C0146,14,Approved,29/01/2024
P0060,C0056,38,Under Review,15/06/2024
P0061,C0155,76,Rejected,23/11/2023
P0062,C0207,42,Under Review,05/11/2024
P0063,C0691,41,Under Review,19/07/2023
P0064,C0323,82,Rejected,11/07/2023
P0065,C0285,76,Rejected,06/07/2024
P0066,C0903,8,Approved,04/09/2023
P0067,C0771,94,Rejected,09/05/2024
P0068,C0598,94,Rejected,19/04/2024
P0069,C0831,81,Rejected,14/03/2025
P0070,C0025,53,Under Review,26/06/2023
P0071,C0538,72,Rejected,02/03/2024
P0072,C0709,76,Rejected,17/10/2024
P0073,C0036,35,Under Review,22/08/2024
P0074,C0579,15,Approved,08/05/2023
P0075,C0543,28,Approved,23/04/2024
P0076,C0461,66,Under Review,25/10/2023
P0077,C0255,43,Under Review,24/04/2024
P0078,C0388,74,Rejected,18/05/2024
P0079,C0385,6,Approved,11/02/2025
P0080,C0190,38,Under Review,05/07/2024
P0081,C0170,68,Under Review,25/07/2023
P0082,C0350,21,Approved,20/04/2024
P0083,C0079,89,Rejected,18/01/2024
P0084,C0850,80,Rejected,15/04/2024
P0085,C0127,92,Rejected,19/04/2025
P0086,C0422,16,Approved,23/03/2025
P0087,C0469,25,Approved,12/05/2023
P0088,C0062,8,Approved,07/12/2024
P0089,C0188,56,Under Review,21/08/2023
P0090,C0851,84,Rejected,13/12/2023
P0091,C0737,85,Rejected,29/07/2023
P0092,C0209,29,Approved,25/02/2025
P0093,C0777,31,Under Review,27/01/2024
P0094,C0340,29,Approved,16/04/2024
P0095,C0966,58,Under Review,05/06/2023
P0096,C0933,86,Rejected,12/06/2024
P0097,C0250,6,Approved,08/06/2023
P0098,C0385,6,Approved,20/10/2024
P0099,C0761,52,Under Review,05/07/2023
P0100,C0561,95,Rejected,04/11/2023
P0101,C0683,21,Approved,29/10/2024
P0102,C0605,38,Under Review,08/04/2025
P0103,C0213,15,Approved,03/02/2024
P0104,C0403,32,Under Review,31/12/2023
P0105,C0110,44,Under Review,07/06/2023
P0106,C0486,23,Approved,15/06/2023
P0107,C0761,52,Under Review,18/02/2024
P0108,C0583,20,Approved,04/03/2025
P0109,C0603,85,Rejected,21/03/2025
P0110,C0803,74,Rejected,18/08/2023
P0111,C0213,15,Approved,15/05/2024
P0112,C0013,14,Approved,06/11/2024
P0113,C0853,64,Under Review,18/12/2024
P0114,C0782,78,Rejected,04/07/2024
P0115,C0330,80,Rejected,07/11/2024
P0116,C0831,81,Rejected,01/03/2024
P0117,C0866,49,Under Review,10/03/2024
P0118,C0816,15,Approved,14/04/2025
P0119,C0453,80,Rejected,20/05/2023
P0120,C0708,26,Approved,20/05/2024
P0121,C0173,29,Approved,14/02/2025
P0122,C0586,17,Approved,19/08/2024
P0123,C0029,99,Rejected,11/02/2025
P0124,C0271,99,Rejected,01/03/2025
P0125,C0242,58,Under Review,14/12/2024
P0126,C0124,1,Approved,23/02/2024
P0127,C0472,63,Under Review,28/03/2024
P0128,C0217,78,Rejected,19/06/2024
P0129,C0472,63,Under Review,12/02/2024
P0130,C0683,21,Approved,21/03/2024
P0131,C0985,89,Rejected,10/02/2024
P0132,C0052,42,Under Review,05/07/2023
P0133,C0192,28,Approved,30/04/2025
P0134,C0825,50,Under Review,20/02/2024
P0135,C0324,22,Approved,25/05/2024
P0136,C0420,99,Rejected,29/11/2024
P0137,C0301,54,Under Review,08/10/2023
P0138,C0802,71,Rejected,22/03/2024
P0139,C0995,61,Under Review,14/11/2024
P0140,C0949,76,Rejected,21/06/2024
P0141,C0748,88,Rejected,09/07/2023
P0142,C0727,97,Rejected,21/12/2024
P0143,C0187,61,Under Review,18/12/2024
P0144,C0963,24,Approved,22/03/2025
P0145,C0559,74,Rejected,23/05/2024
P0146,C0105,94,Rejected,29/05/2024
P0147,C0847,81,Rejected,27/05/2024
P0148,C0198,94,Rejected,23/02/2025
P0149,C0901,76,Rejected,30/05/2023
P0150,C0675,59,Under Review,21/02/2024
P0151,C0570,76,Rejected,09/09/2024
P0152,C0568,44,Under Review,10/04/2025
P0153,C0698,2,Approved,03/05/2024
P0154,C0430,5,Approved,27/10/2023
P0155,C0228,100,Rejected,26/03/2024
P0156,C0367,87,Rejected,23/12/2024
P0157,C0151,72,Rejected,16/10/2023
P0158,C0931,53,Under Review,17/01/2024
P0159,C0774,26,Approved,22/08/2023
P0160,C0501,22,Approved,09/04/2024
P0161,C0620,74,Rejected,06/12/2024
P0162,C0865,26,Approved,27/07/2024
P0163,C0795,96,Rejected,28/05/2023
P0164,C0472,63,Under Review,20/01/2024
P0165,C0758,98,Rejected,09/03/2024
P0166,C0043,56,Under Review,15/12/2024
P0167,C0289,74,Rejected,25/02/2024
P0168,C0186,4,Approved,04/09/2024
P0169,C0865,26,Approved,14/03/2024
P0170,C0291,38,Under Review,19/09/2024
P0171,C0134,82,Rejected,09/05/2023
P0172,C0030,32,Under Review,29/06/2024
P0173,C0298,22,Approved,25/01/2024
P0174,C0018,38,Under Review,14/04/2024
P0175,C0338,19,Approved,27/05/2024
P0176,C0128,36,Under Review,09/09/2023
P0177,C0515,51,Under Review,06/02/2025
P0178,C0553,37,Under Review,12/12/2024
P0179,C0316,26,Approved,22/12/2024
P0180,C0904,37,Under Review,23/02/2025
P0181,C0141,76,Rejected,01/06/2023
P0182,C0591,64,Under Review,11/10/2024
P0183,C0276,80,Rejected,20/07/2024
P0184,C0074,50,Under Review,07/09/2024
P0185,C0394,73,Rejected,31/05/2023
P0186,C0337,71,Rejected,05/10/2024
P0187,C0994,18,Approved,28/05/2023
P0188,C0057,51,Under Review,09/01/2025
P0189,C0192,28,Approved,12/05/2024
P0190,C0619,70,Under Review,01/08/2024
P0191,C0504,30,Approved,12/07/2023
P0192,C0080,58,Under Review,28/05/2024
P0193,C0914,78,Rejected,04/05/2024
P0194,C0838,64,Under Review,05/07/2023
P0195,C0654,54,Under Review,24/05/2023
P0196,C0417,20,Approved,06/09/2023
P0197,C0872,25,Approved,20/01/2024
P0198,C0110,44,Under Review,13/09/2024
P0199,C0108,11,Approved,15/04/2025
P0200,C0023,14,Approved,30/01/2025
P0201,C0641,0,Approved,31/03/2024
P0202,C0600,87,Rejected,28/05/2023
P0203,C0410,8,Approved,19/04/2024
P0204,C0637,64,Under Review,08/03/2025
P0205,C0416,13,Approved,29/04/2025
P0206,C0378,39,Under Review,03/08/2023
P0207,C0380,59,Under Review,01/11/2023
P0208,C0053,92,Rejected,09/12/2023
P0209,C0461,66,Under Review,29/04/2025
P0210,C0877,6,Approved,16/03/2025
P0211,C0577,39,Under Review,03/08/2023
P0212,C0561,95,Rejected,19/06/2023
P0213,C0294,94,Rejected,22/06/2024
P0214,C0355,0,Approved,01/05/2024
P0215,C0418,22,Approved,02/08/2023
P0216,C0882,27,Approved,22/04/2024
P0217,C0585,36,Under Review,13/08/2023
P0218,C0079,89,Rejected,17/09/2024
P0219,C0867,8,Approved,10/01/2024
P0220,C0182,76,Rejected,14/06/2023
P0221,C0300,51,Under Review,18/02/2024
P0222,C0813,73,Rejected,15/05/2024
P0223,C0463,63,Under Review,06/06/2023
P0224,C0309,90,Rejected,02/01/2024
P0225,C0804,36,Under Review,13/05/2023
P0226,C0416,13,Approved,05/04/2024
P0227,C0343,31,Under Review,13/06/2023
P0228,C0362,70,Under Review,02/02/2024
P0229,C0839,86,Rejected,30/04/2025
P0230,C0590,22,Approved,11/11/2024
P0231,C0638,50,Under Review,06/01/2025
P0232,C0177,48,Under Review,15/11/2024
P0233,C0098,30,Approved,20/11/2024
P0234,C0096,9,Approved,04/12/2023
P0235,C0646,44,Under Review,21/03/2025
P0236,C0636,46,Under Review,24/06/2024
P0237,C0532,95,Rejected,09/10/2023
P0238,C0867,8,Approved,18/05/2024
P0239,C0109,57,Under Review,30/08/2024
P0240,C0294,94,Rejected,28/03/2024
P0241,C0509,60,Under Review,20/01/2024
P0242,C0265,12,Approved,20/03/2025
P0243,C0528,7,Approved,31/07/2023
P0244,C0400,66,Under Review,18/04/2025
P0245,C0049,65,Under Review,16/09/2023
P0246,C0782,78,Rejected,29/12/2024
P0247,C0393,51,Under Review,29/09/2024
P0248,C0930,69,Under Review,07/01/2024
P0249,C0599,24,Approved,02/07/2023
P0250,C0296,30,Approved,10/12/2024
P0251,C0508,2,Approved,26/12/2023
P0252,C0140,64,Under Review,16/06/2023
P0253,C0250,6,Approved,07/06/2023
P0254,C0973,78,Rejected,27/11/2024
P0255,C0989,11,Approved,20/07/2023
P0256,C0060,32,Under Review,16/09/2024
P0257,C0137,22,Approved,04/12/2023
P0258,C0897,8,Approved,05/10/2024
P0259,C0097,88,Rejected,15/08/2024
P0260,C0191,91,Rejected,22/10/2024
P0261,C0677,57,Under Review,18/11/2023
P0262,C0177,48,Under Review,05/12/2024
P0263,C0523,62,Under Review,06/10/2024
P0264,C0467,97,Rejected,02/09/2024
P0265,C0198,94,Rejected,25/02/2025
P0266,C0142,46,Under Review,03/11/2024
P0267,C0629,57,Under Review,27/02/2025
P0268,C0056,38,Under Review,29/08/2024
P0269,C0567,38,Under Review,12/02/2025
P0270,C0289,74,Rejected,17/06/2024
P0271,C0614,35,Under Review,01/07/2024
P0272,C0512,43,Under Review,20/02/2024
P0273,C0982,25,Approved,21/04/2025
P0274,C0185,97,Rejected,30/01/2024
P0275,C0064,62,Under Review,27/04/2025
P0276,C0865,26,Approved,26/07/2024
P0277,C0900,58,Under Review,17/02/2024
P0278,C0711,93,Rejected,27/04/2025
P0279,C0715,91,Rejected,01/02/2025
P0280,C0826,68,Under Review,26/01/2025
P0281,C0481,84,Rejected,28/07/2024
P0282,C0710,80,Rejected,28/08/2024
P0283,C0420,99,Rejected,05/11/2023
P0284,C0608,5,Approved,03/06/2024
P0285,C0617,54,Under Review,30/09/2024
P0286,C0342,24,Approved,19/04/2024
P0287,C0839,86,Rejected,26/11/2023
P0288,C0093,54,Under Review,09/12/2024
P0289,C0651,13,Approved,18/04/2025
P0290,C0123,9,Approved,21/04/2025
P0291,C0660,50,Under Review,23/07/2024
P0292,C0665,16,Approved,20/06/2023
P0293,C0327,62,Under Review,26/02/2024
P0294,C0328,78,Rejected,13/08/2024
P0295,C0721,28,Approved,31/01/2025
P0296,C0714,5,Approved,29/10/2023
P0297,C0931,53,Under Review,25/01/2024
P0298,C0614,35,Under Review,12/03/2025
P0299,C0416,13,Approved,04/05/2025
P0300,C0678,21,Approved,14/08/2024
P0301,C0079,89,Rejected,10/03/2024
P0302,C0869,74,Rejected,12/06/2023
P0303,C0248,88,Rejected,14/12/2023
P0304,C0332,99,Rejected,02/11/2024
P0305,C0219,4,Approved,14/03/2024
P0306,C0661,29,Approved,18/03/2024
P0307,C0118,70,Under Review,25/10/2023
P0308,C0642,29,Approved,22/05/2023
P0309,C0921,56,Under Review,06/09/2024
P0310,C0188,56,Under Review,09/04/2024
P0311,C0506,57,Under Review,09/06/2024
P0312,C0786,58,Under Review,14/11/2024
P0313,C0262,62,Under Review,12/04/2024
P0314,C0101,27,Approved,29/02/2024
P0315,C0218,43,Under Review,31/08/2023
P0316,C0757,92,Rejected,23/02/2024
P0317,C0395,97,Rejected,01/12/2023
P0318,C0333,59,Under Review,07/07/2024
P0319,C0095,21,Approved,26/04/2025
P0320,C0110,44,Under Review,03/04/2025
P0321,C0694,13,Approved,28/10/2024
P0322,C0736,70,Under Review,07/05/2024
P0323,C0142,46,Under Review,24/07/2024
P0324,C0573,87,Rejected,05/02/2025
P0325,C0178,53,Under Review,04/09/2024
P0326,C0329,15,Approved,02/01/2025
P0327,C0025,53,Under Review,19/01/2024
P0328,C0769,18,Approved,14/06/2024
P0329,C0246,97,Rejected,09/05/2023
P0330,C0004,34,Under Review,19/07/2024
P0331,C0730,86,Rejected,24/07/2024
P0332,C0865,26,Approved,26/06/2023
P0333,C0782,78,Rejected,29/11/2024
P0334,C0501,22,Approved,30/12/2024
P0335,C0909,74,Rejected,17/03/2025
P0336,C0533,24,Approved,04/03/2025
P0337,C0674,26,Approved,13/11/2024
P0338,C0089,100,Rejected,05/04/2024
P0339,C0888,5,Approved,15/09/2023
P0340,C0029,99,Rejected,08/03/2024
P0341,C0546,18,Approved,16/10/2024
P0342,C0681,71,Rejected,24/01/2024
P0343,C0263,42,Under Review,23/08/2023
P0344,C0416,13,Approved,23/06/2024
P0345,C0926,26,Approved,21/02/2024
P0346,C0637,64,Under Review,02/05/2025
P0347,C0184,56,Under Review,13/05/2023
P0348,C0253,52,Under Review,28/07/2023
P0349,C0622,38,Under Review,01/11/2024
P0350,C0762,83,Rejected,21/02/2024
P0351,C0619,70,Under Review,29/04/2025
P0352,C0293,79,Rejected,27/01/2025
P0353,C0574,87,Rejected,26/03/2025
P0354,C0133,75,Rejected,02/09/2024
P0355,C0960,77,Rejected,26/12/2023
P0356,C0525,34,Under Review,22/11/2024
P0357,C0945,19,Approved,27/01/2024
P0358,C0670,4,Approved,20/12/2024
P0359,C0691,41,Under Review,17/02/2024
P0360,C0791,36,Under Review,10/09/2023
P0361,C0083,88,Rejected,04/01/2024
P0362,C0144,4,Approved,05/12/2024
P0363,C0309,90,Rejected,19/03/2025
P0364,C0378,39,Under Review,18/05/2024
P0365,C0774,26,Approved,13/07/2024
P0366,C0788,44,Under Review,20/09/2023
P0367,C0407,32,Under Review,26/04/2025
P0368,C0059,76,Rejected,14/08/2024
P0369,C0013,14,Approved,14/03/2025
P0370,C0204,22,Approved,13/07/2023
P0371,C0831,81,Rejected,01/01/2024
P0372,C0089,100,Rejected,07/04/2024
P0373,C0472,63,Under Review,20/09/2023
P0374,C0950,25,Approved,06/04/2024
P0375,C0924,11,Approved,18/11/2023
P0376,C0474,24,Approved,24/07/2024
P0377,C0289,74,Rejected,05/11/2024
P0378,C0937,29,Approved,02/07/2024
P0379,C0005,63,Under Review,05/12/2023
P0380,C0981,66,Under Review,11/10/2023
P0381,C0577,39,Under Review,13/04/2024
P0382,C0678,21,Approved,19/07/2024
P0383,C0074,50,Under Review,27/09/2024
P0384,C0451,26,Approved,12/03/2025
P0385,C0978,92,Rejected,21/06/2024
P0386,C0761,52,Under Review,08/11/2024
P0387,C0304,65,Under Review,19/10/2024
P0388,C0135,74,Rejected,19/10/2024
P0389,C0933,86,Rejected,15/04/2024
P0390,C0688,82,Rejected,18/08/2024
P0391,C0157,30,Approved,04/11/2023
P0392,C0193,77,Rejected,01/04/2025
P0393,C0590,22,Approved,27/08/2024
P0394,C0465,36,Under Review,07/06/2024
P0395,C0601,93,Rejected,03/04/2024
P0396,C0290,83,Rejected,10/08/2023
P0397,C0560,10,Approved,08/10/2023
P0398,C0398,52,Under Review,01/10/2024
P0399,C0132,32,Under Review,06/05/2023
P0400,C0464,58,Under Review,27/04/2025
P0401,C0623,11,Approved,28/11/2023
P0402,C0145,19,Approved,17/09/2024
P0403,C0307,96,Rejected,01/03/2024
P0404,C0203,26,Approved,16/05/2024
P0405,C0839,86,Rejected,01/07/2023
P0406,C0851,84,Rejected,14/04/2025
P0407,C0654,54,Under Review,11/09/2024
P0408,C0156,90,Rejected,12/05/2023
P0409,C0678,21,Approved,12/03/2025
P0410,C0081,94,Rejected,16/10/2024
P0411,C0009,73,Rejected,28/12/2024
P0412,C0271,99,Rejected,11/12/2023
P0413,C0457,57,Under Review,03/03/2024
P0414,C0797,30,Approved,22/05/2023
P0415,C0103,35,Under Review,13/12/2023
P0416,C0390,95,Rejected,07/02/2024
P0417,C0157,30,Approved,22/08/2023
P0418,C0152,46,Under Review,04/05/2025
P0419,C0668,55,Under Review,01/02/2024
P0420,C0042,94,Rejected,30/01/2025
P0421,C0684,69,Under Review,13/09/2024
P0422,C0233,8,Approved,26/02/2025
P0423,C0393,51,Under Review,10/06/2023
P0424,C0768,10,Approved,20/05/2024
P0425,C0461,66,Under Review,07/11/2023
P0426,C0324,22,Approved,11/10/2024
P0427,C0107,30,Approved,16/09/2023
P0428,C0318,31,Under Review,08/07/2023
P0429,C0733,44,Under Review,25/02/2025
P0430,C0199,91,Rejected,13/04/2025
P0431,C0506,57,Under Review,19/07/2024
P0432,C0640,35,Under Review,12/10/2023
P0433,C0313,68,Under Review,16/05/2024
P0434,C0079,89,Rejected,25/11/2023
P0435,C0690,23,Approved,28/03/2025
P0436,C0026,71,Rejected,22/11/2023
P0437,C0700,14,Approved,19/07/2024
P0438,C0853,64,Under Review,05/09/2024
P0439,C0386,84,Rejected,31/05/2024
P0440,C0331,52,Under Review,16/10/2023
P0441,C0877,6,Approved,10/09/2023
P0442,C0460,57,Under Review,08/03/2025
P0443,C0442,22,Approved,07/11/2024
P0444,C0813,73,Rejected,06/03/2024
P0445,C0227,42,Under Review,03/10/2023
P0446,C0325,35,Under Review,12/10/2024
P0447,C0932,87,Rejected,11/07/2024
P0448,C0311,43,Under Review,08/06/2023
P0449,C0705,9,Approved,20/12/2024
P0450,C0985,89,Rejected,01/07/2024
P0451,C0314,41,Under Review,12/10/2023
P0452,C0490,84,Rejected,19/05/2024
P0453,C0563,73,Rejected,11/12/2023
P0454,C0140,64,Under Review,22/03/2025
P0455,C0685,41,Under Review,26/02/2024
P0456,C0384,25,Approved,28/12/2023
P0457,C0309,90,Rejected,29/11/2023
P0458,C0246,97,Rejected,30/06/2023
P0459,C0863,66,Under Review,28/04/2024
P0460,C0496,80,Rejected,29/08/2024
P0461,C0444,18,Approved,08/02/2025
P0462,C0519,66,Under Review,26/01/2024
P0463,C0524,8,Approved,19/04/2025
P0464,C0563,73,Rejected,27/10/2024
P0465,C0357,27,Approved,19/08/2024
P0466,C0873,85,Rejected,28/11/2023
P0467,C0773,0,Approved,06/11/2024
P0468,C0828,0,Approved,22/07/2023
P0469,C0646,44,Under Review,13/06/2023
P0470,C0761,52,Under Review,09/07/2023
P0471,C0628,20,Approved,26/10/2023
P0472,C0484,16,Approved,24/08/2023
P0473,C0566,96,Rejected,20/02/2024
P0474,C0989,11,Approved,04/04/2025
P0475,C0812,58,Under Review,25/01/2024
P0476,C0444,18,Approved,23/10/2024
P0477,C0657,96,Rejected,05/05/2025
P0478,C0414,19,Approved,23/12/2024
P0479,C0175,54,Under Review,10/07/2024
P0480,C0496,80,Rejected,09/08/2023
P0481,C0315,89,Rejected,30/11/2023
P0482,C0451,26,Approved,28/10/2023
P0483,C0965,68,Under Review,10/05/2024
P0484,C0647,96,Rejected,22/06/2024
P0485,C0652,25,Approved,22/02/2024
P0486,C0291,38,Under Review,11/12/2024
P0487,C0146,14,Approved,27/09/2023
P0488,C0611,95,Rejected,24/02/2024
P0489,C0940,37,Under Review,29/06/2024
P0490,C0042,94,Rejected,14/08/2023
P0491,C0435,63,Under Review,16/11/2024
P0492,C0120,80,Rejected,08/10/2024
P0493,C0922,21,Approved,12/09/2024
P0494,C0542,71,Rejected,19/06/2023
P0495,C0606,62,Under Review,05/12/2023
P0496,C0749,30,Approved,14/08/2023
P0497,C0265,12,Approved,18/02/2025
P0498,C0381,84,Rejected,19/07/2023
P0499,C0465,36,Under Review,14/01/2025
P0500,C0220,94,Rejected,24/01/2024
P0501,C0503,85,Rejected,30/03/2025
P0502,C0027,74,Rejected,11/10/2023
P0503,C0775,70,Under Review,25/08/2024
P0504,C0173,29,Approved,31/05/2024
P0505,C0709,76,Rejected,15/12/2023
P0506,C0953,39,Under Review,04/02/2025
P0507,C0933,86,Rejected,04/12/2023
P0508,C0433,76,Rejected,16/04/2024
P0509,C0418,22,Approved,07/11/2024
P0510,C0795,96,Rejected,30/04/2024
P0511,C1000,95,Rejected,05/05/2024
P0512,C0337,71,Rejected,02/08/2023
P0513,C0877,6,Approved,19/06/2024
P0514,C0747,96,Rejected,19/06/2023
P0515,C0366,34,Under Review,23/09/2024
P0516,C0189,78,Rejected,23/12/2023
P0517,C0052,42,Under Review,04/01/2025
P0518,C0551,50,Under Review,03/12/2023
P0519,C0835,56,Under Review,04/09/2024
P0520,C0221,35,Under Review,17/02/2024
P0521,C0858,94,Rejected,27/04/2024
P0522,C0318,31,Under Review,08/09/2024
P0523,C0785,55,Under Review,07/06/2024
P0524,C0267,28,Approved,09/09/2024
P0525,C0297,75,Rejected,23/03/2024
P0526,C0196,6,Approved,15/11/2023
P0527,C0150,88,Rejected,17/05/2024
P0528,C0367,87,Rejected,03/04/2025
P0529,C0623,11,Approved,26/11/2024
P0530,C0811,95,Rejected,19/09/2024
P0531,C0013,14,Approved,08/10/2024
P0532,C0741,35,Under Review,26/03/2025
P0533,C0280,39,Under Review,13/11/2023
P0534,C0880,93,Rejected,16/10/2024
P0535,C0242,58,Under Review,12/07/2024
P0536,C0104,33,Under Review,28/06/2023
P0537,C0617,54,Under Review,16/09/2024
P0538,C0084,26,Approved,01/03/2025
P0539,C0285,76,Rejected,15/07/2023
P0540,C0521,64,Under Review,10/06/2023
P0541,C0661,29,Approved,28/04/2025
P0542,C0116,92,Rejected,09/02/2025
P0543,C0157,30,Approved,10/08/2023
P0544,C0845,20,Approved,02/01/2025
P0545,C0245,64,Under Review,17/03/2025
P0546,C0453,80,Rejected,15/10/2024
P0547,C0650,12,Approved,11/01/2025
P0548,C0729,36,Under Review,20/10/2024
P0549,C0286,39,Under Review,08/11/2023
P0550,C0348,65,Under Review,18/10/2023
P0551,C0287,90,Rejected,26/04/2025
P0552,C0008,10,Approved,24/06/2024
P0553,C0882,27,Approved,12/02/2025
P0554,C0220,94,Rejected,31/05/2023
P0555,C0420,99,Rejected,09/11/2024
P0556,C0323,82,Rejected,30/01/2025
P0557,C0610,30,Approved,28/06/2023
P0558,C0626,96,Rejected,29/12/2023
P0559,C0227,42,Under Review,11/04/2024
P0560,C0693,28,Approved,10/10/2024
P0561,C0810,17,Approved,25/07/2024
P0562,C0748,88,Rejected,31/12/2023
P0563,C0135,74,Rejected,30/10/2023
P0564,C0483,84,Rejected,04/11/2024
P0565,C0110,44,Under Review,20/04/2024
P0566,C0273,88,Rejected,09/04/2025
P0567,C0487,16,Approved,15/12/2024
P0568,C0341,36,Under Review,12/10/2024
P0569,C0110,44,Under Review,22/06/2024
P0570,C0880,93,Rejected,24/04/2025
P0571,C0838,64,Under Review,13/10/2024
P0572,C0573,87,Rejected,26/12/2023
P0573,C0635,11,Approved,12/02/2025
P0574,C0319,78,Rejected,22/06/2023
P0575,C0327,62,Under Review,23/05/2024
P0576,C0989,11,Approved,30/10/2024
P0577,C0251,62,Under Review,12/10/2023
P0578,C0560,10,Approved,18/09/2023
P0579,C0777,31,Under Review,14/03/2025
P0580,C0369,70,Under Review,04/02/2024
P0581,C0081,94,Rejected,23/02/2024
P0582,C0203,26,Approved,09/04/2025
P0583,C0134,82,Rejected,06/06/2023
P0584,C0477,82,Rejected,26/05/2023
P0585,C0815,65,Under Review,19/11/2023
P0586,C0569,89,Rejected,03/02/2025
P0587,C0343,31,Under Review,12/07/2024
P0588,C0843,81,Rejected,21/07/2024
P0589,C0660,50,Under Review,20/09/2023
P0590,C0950,25,Approved,16/02/2025
P0591,C0081,94,Rejected,22/12/2023
P0592,C0151,72,Rejected,30/08/2023
P0593,C0670,4,Approved,27/12/2023
P0594,C0928,49,Under Review,01/08/2023
P0595,C0613,30,Approved,23/04/2025
P0596,C0838,64,Under Review,05/01/2025
P0597,C0459,87,Rejected,17/08/2023
P0598,C0713,26,Approved,01/05/2025
P0599,C0698,2,Approved,26/03/2025
P0600,C0250,6,Approved,19/05/2023
P0601,C0523,62,Under Review,27/05/2023
P0602,C0152,46,Under Review,02/10/2024
P0603,C0414,19,Approved,16/07/2023
P0604,C0163,96,Rejected,16/04/2025
P0605,C0296,30,Approved,03/09/2023
P0606,C0685,41,Under Review,13/06/2024
P0607,C0724,23,Approved,16/11/2023
P0608,C0212,1,Approved,10/07/2024
P0609,C0440,96,Rejected,29/11/2024
P0610,C0953,39,Under Review,12/11/2023
P0611,C0323,82,Rejected,23/05/2023
P0612,C0056,38,Under Review,27/09/2024
P0613,C0761,52,Under Review,24/03/2024
P0614,C0592,3,Approved,21/11/2023
P0615,C0247,47,Under Review,10/12/2024
P0616,C0823,73,Rejected,08/06/2024
P0617,C0685,41,Under Review,31/07/2023
P0618,C0652,25,Approved,08/01/2025
P0619,C0053,92,Rejected,25/11/2024
P0620,C0625,27,Approved,02/03/2024
P0621,C0105,94,Rejected,24/01/2024
P0622,C0165,9,Approved,12/06/2023
P0623,C0258,56,Under Review,02/03/2025
P0624,C0359,77,Rejected,29/06/2023
P0625,C0970,56,Under Review,07/06/2024
P0626,C0281,42,Under Review,23/01/2024
P0627,C0568,44,Under Review,24/10/2023
P0628,C0690,23,Approved,15/09/2024
P0629,C0550,92,Rejected,25/10/2023
P0630,C0615,69,Under Review,21/07/2024
P0631,C0234,9,Approved,27/04/2025
P0632,C0298,22,Approved,18/12/2024
P0633,C0623,11,Approved,12/03/2025
P0634,C0308,55,Under Review,11/01/2024
P0635,C0629,57,Under Review,06/12/2024
P0636,C0527,49,Under Review,26/01/2025
P0637,C0309,90,Rejected,07/10/2023
P0638,C0828,0,Approved,27/02/2024
P0639,C0847,81,Rejected,05/05/2024
P0640,C0470,74,Rejected,08/03/2025
P0641,C0445,20,Approved,06/03/2025
P0642,C0148,39,Under Review,18/03/2025
P0643,C0007,76,Rejected,14/12/2024
P0644,C0367,87,Rejected,11/11/2023
P0645,C0995,61,Under Review,21/08/2023
P0646,C0211,34,Under Review,29/03/2025
P0647,C0130,83,Rejected,17/01/2025
P0648,C0298,22,Approved,25/09/2023
P0649,C0426,61,Under Review,27/12/2023
P0650,C0685,41,Under Review,07/10/2024
P0651,C0874,4,Approved,12/09/2023
P0652,C0742,62,Under Review,28/02/2024
P0653,C0805,92,Rejected,19/03/2025
P0654,C0113,32,Under Review,16/01/2024
P0655,C0543,28,Approved,10/02/2024
P0656,C0772,52,Under Review,15/12/2023
P0657,C0122,6,Approved,05/12/2024
P0658,C0892,88,Rejected,18/10/2023
P0659,C0733,44,Under Review,29/04/2024
P0660,C0165,9,Approved,07/10/2024
P0661,C0780,69,Under Review,02/02/2024
P0662,C0460,57,Under Review,28/02/2024
P0663,C0235,94,Rejected,21/02/2024
P0664,C0081,94,Rejected,17/09/2024
P0665,C0376,38,Under Review,14/05/2023
P0666,C0398,52,Under Review,25/02/2024
P0667,C0836,96,Rejected,23/11/2023
P0668,C0345,38,Under Review,26/06/2023
P0669,C0329,15,Approved,12/03/2024
P0670,C0538,72,Rejected,08/03/2024
P0671,C0606,62,Under Review,18/09/2024
P0672,C0465,36,Under Review,04/08/2024
P0673,C0207,42,Under Review,04/04/2025
P0674,C0631,43,Under Review,06/07/2024
P0675,C0424,29,Approved,14/08/2024
P0676,C0140,64,Under Review,06/06/2024
P0677,C0174,17,Approved,16/03/2025
P0678,C0458,83,Rejected,15/02/2024
P0679,C0343,31,Under Review,24/07/2023
P0680,C0201,37,Under Review,29/11/2023
P0681,C0248,88,Rejected,27/12/2023
P0682,C0810,17,Approved,14/08/2023
P0683,C0102,95,Rejected,28/05/2024
P0684,C0348,65,Under Review,16/01/2025
P0685,C0662,72,Rejected,09/04/2024
P0686,C0910,98,Rejected,28/09/2023
P0687,C0656,37,Under Review,16/04/2024
P0688,C0409,64,Under Review,24/04/2025
P0689,C0284,72,Rejected,05/12/2023
P0690,C0964,89,Rejected,09/05/2024
P0691,C0399,32,Under Review,01/03/2024
P0692,C0551,50,Under Review,15/07/2023
P0693,C0522,85,Rejected,16/02/2024
P0694,C0446,43,Under Review,20/06/2023
P0695,C0706,98,Rejected,04/02/2025
P0696,C0602,34,Under Review,14/01/2025
P0697,C0874,4,Approved,18/10/2024
P0698,C0233,8,Approved,30/09/2023
P0699,C0312,78,Rejected,22/06/2024
P0700,C0005,63,Under Review,17/11/2024
P0701,C0642,29,Approved,19/01/2025
P0702,C0782,78,Rejected,02/03/2024
P0703,C0677,57,Under Review,18/07/2023
P0704,C0323,82,Rejected,08/01/2025
P0705,C0527,49,Under Review,23/08/2024
P0706,C0681,71,Rejected,16/11/2024
P0707,C0655,52,Under Review,28/10/2023
P0708,C0757,92,Rejected,02/06/2023
P0709,C0537,26,Approved,03/08/2023
P0710,C0784,88,Rejected,08/06/2024
P0711,C0836,96,Rejected,25/03/2025
P0712,C0650,12,Approved,24/07/2023
P0713,C0991,81,Rejected,20/04/2024
P0714,C0388,74,Rejected,16/09/2024
P0715,C0396,44,Under Review,11/04/2024
P0716,C0938,37,Under Review,13/12/2023
P0717,C0288,55,Under Review,22/05/2023
P0718,C0859,86,Rejected,19/09/2023
P0719,C0896,20,Approved,23/05/2024
P0720,C0443,56,Under Review,17/06/2023
P0721,C0536,90,Rejected,06/07/2023
P0722,C0346,43,Under Review,16/07/2024
P0723,C0753,88,Rejected,03/07/2024
P0724,C0248,88,Rejected,31/08/2024
P0725,C0283,72,Rejected,03/07/2024
P0726,C0916,12,Approved,19/06/2023
P0727,C0027,74,Rejected,23/12/2023
P0728,C0218,43,Under Review,23/10/2023
P0729,C0482,21,Approved,01/07/2023
P0730,C0404,92,Rejected,07/02/2024
P0731,C0225,8,Approved,29/04/2024
P0732,C0449,82,Rejected,25/11/2024
P0733,C0229,24,Approved,08/04/2025
P0734,C0378,39,Under Review,04/06/2024
P0735,C0687,33,Under Review,07/12/2023
P0736,C0819,90,Rejected,18/03/2025
P0737,C0410,8,Approved,25/05/2024
P0738,C0620,74,Rejected,17/08/2024
P0739,C0489,48,Under Review,05/05/2024
P0740,C0697,24,Approved,19/01/2024
P0741,C0746,37,Under Review,03/02/2024
P0742,C0481,84,Rejected,10/05/2023
P0743,C0606,62,Under Review,18/06/2024
P0744,C0263,42,Under Review,11/07/2024
P0745,C0719,74,Rejected,21/08/2024
P0746,C0337,71,Rejected,13/03/2025
P0747,C0895,50,Under Review,25/07/2024
P0748,C0237,67,Under Review,27/07/2024
P0749,C0748,88,Rejected,21/01/2024
P0750,C0155,76,Rejected,25/10/2024
P0751,C0651,13,Approved,16/11/2023
P0752,C0969,72,Rejected,27/11/2023
P0753,C0464,58,Under Review,25/09/2023
P0754,C0430,5,Approved,27/02/2024
P0755,C0826,68,Under Review,06/11/2023
P0756,C0266,8,Approved,20/10/2024
P0757,C0712,86,Rejected,01/04/2025
P0758,C0357,27,Approved,29/12/2023
P0759,C0872,25,Approved,13/01/2025
P0760,C0568,44,Under Review,22/10/2023
P0761,C0865,26,Approved,20/12/2024
P0762,C0207,42,Under Review,12/08/2024
P0763,C0801,34,Under Review,18/05/2023
P0764,C0438,92,Rejected,16/06/2023
P0765,C0744,53,Under Review,29/06/2023
P0766,C0552,19,Approved,06/12/2023
P0767,C0012,12,Approved,01/02/2025
P0768,C0401,22,Approved,22/07/2024
P0769,C0786,58,Under Review,14/06/2023
P0770,C0322,2,Approved,23/02/2024
P0771,C0412,95,Rejected,12/10/2023
P0772,C0426,61,Under Review,01/11/2024
P0773,C0880,93,Rejected,17/01/2025
P0774,C0264,20,Approved,08/02/2025
P0775,C0758,98,Rejected,07/02/2025
P0776,C0227,42,Under Review,15/07/2024
P0777,C0634,14,Approved,08/07/2023
P0778,C0118,70,Under Review,06/01/2025
P0779,C0584,14,Approved,11/07/2023
P0780,C0748,88,Rejected,14/09/2023
P0781,C0793,44,Under Review,12/02/2024
P0782,C0154,89,Rejected,21/02/2025
P0783,C0689,91,Rejected,15/12/2024
P0784,C0611,95,Rejected,01/06/2024
P0785,C0626,96,Rejected,11/07/2023
P0786,C0553,37,Under Review,17/11/2024
P0787,C0444,18,Approved,12/06/2024
P0788,C0822,22,Approved,29/10/2023
P0789,C0140,64,Under Review,03/10/2024
P0790,C0377,11,Approved,09/05/2023
P0791,C0505,11,Approved,05/12/2023
P0792,C0026,71,Rejected,26/01/2025
P0793,C0292,59,Under Review,21/02/2025
P0794,C0563,73,Rejected,08/09/2023
P0795,C0994,18,Approved,20/08/2023
P0796,C0938,37,Under Review,01/11/2024
P0797,C0593,73,Rejected,06/09/2024
P0798,C0294,94,Rejected,20/05/2023
P0799,C0479,59,Under Review,24/12/2023
P0800,C0838,64,Under Review,03/10/2023
P0801,C0077,57,Under Review,09/09/2023
P0802,C0264,20,Approved,03/04/2025
P0803,C0571,51,Under Review,17/12/2023
P0804,C0524,8,Approved,07/06/2023
P0805,C0477,82,Rejected,24/04/2025
P0806,C0010,38,Under Review,28/05/2023
P0807,C0138,81,Rejected,02/01/2025
P0808,C0522,85,Rejected,09/03/2024
P0809,C0996,67,Under Review,06/09/2024
P0810,C0866,49,Under Review,09/01/2025
P0811,C0188,56,Under Review,15/04/2024
P0812,C0911,59,Under Review,15/07/2024
P0813,C0095,21,Approved,22/07/2024
P0814,C0712,86,Rejected,14/02/2024
P0815,C0509,60,Under Review,20/11/2024
P0816,C0385,6,Approved,18/06/2024
P0817,C0005,63,Under Review,31/10/2023
P0818,C0331,52,Under Review,31/03/2024
P0819,C0150,88,Rejected,06/11/2023
P0820,C0333,59,Under Review,26/08/2024
P0821,C0454,90,Rejected,22/09/2024
P0822,C0317,61,Under Review,17/09/2024
P0823,C0295,75,Rejected,09/09/2024
P0824,C0649,38,Under Review,30/05/2023
P0825,C0409,64,Under Review,09/03/2025
P0826,C0099,74,Rejected,03/09/2023
P0827,C0212,1,Approved,28/02/2024
P0828,C0543,28,Approved,30/08/2024
P0829,C0946,54,Under Review,17/06/2023
P0830,C0002,99,Rejected,15/06/2023
P0831,C0038,12,Approved,31/10/2024
P0832,C0903,8,Approved,15/03/2025
P0833,C0710,80,Rejected,08/12/2024
P0834,C0324,22,Approved,18/06/2024
P0835,C0941,61,Under Review,18/07/2024
P0836,C0643,56,Under Review,17/09/2023
P0837,C0152,46,Under Review,20/04/2024
P0838,C0687,33,Under Review,30/05/2023
P0839,C0286,39,Under Review,30/04/2024
P0840,C0379,68,Under Review,06/11/2024
P0841,C0808,96,Rejected,29/11/2023
P0842,C0935,79,Rejected,25/11/2023
P0843,C0221,35,Under Review,27/09/2023
P0844,C0362,70,Under Review,26/04/2025
P0845,C0423,54,Under Review,05/02/2024
P0846,C0016,40,Under Review,05/11/2024
P0847,C0874,4,Approved,12/01/2025
P0848,C0759,38,Under Review,23/07/2023
P0849,C0250,6,Approved,29/06/2023
P0850,C0525,34,Under Review,05/07/2024
P0851,C0732,53,Under Review,09/11/2023
P0852,C0165,9,Approved,25/12/2023
P0853,C0196,6,Approved,27/09/2023
P0854,C0616,16,Approved,02/08/2024
P0855,C0669,2,Approved,30/04/2025
P0856,C0387,36,Under Review,22/01/2024
P0857,C0706,98,Rejected,19/11/2023
P0858,C0677,57,Under Review,10/05/2024
P0859,C0220,94,Rejected,11/11/2023
P0860,C0216,40,Under Review,11/04/2025
P0861,C0072,18,Approved,12/05/2023
P0862,C0467,97,Rejected,21/12/2023
P0863,C0803,74,Rejected,02/05/2024
P0864,C0736,70,Under Review,01/04/2024
P0865,C0194,94,Rejected,04/05/2024
P0866,C0895,50,Under Review,01/02/2024
P0867,C0956,66,Under Review,31/03/2025
P0868,C0050,74,Rejected,26/02/2025
P0869,C0397,34,Under Review,22/03/2024
P0870,C0179,89,Rejected,11/05/2023
P0871,C0518,34,Under Review,29/07/2024
P0872,C0841,90,Rejected,27/12/2023
P0873,C0037,80,Rejected,10/07/2023
P0874,C0307,96,Rejected,31/07/2024
P0875,C0865,26,Approved,29/01/2024
P0876,C0738,4,Approved,01/04/2025
P0877,C0724,23,Approved,01/09/2024
P0878,C0814,20,Approved,14/02/2024
P0879,C0302,68,Under Review,09/03/2025
P0880,C0389,29,Approved,06/04/2025
P0881,C0496,80,Rejected,22/10/2024
P0882,C0224,72,Rejected,02/07/2023
P0883,C0110,44,Under Review,23/07/2023
P0884,C0599,24,Approved,11/12/2023
P0885,C0792,96,Rejected,24/08/2024
P0886,C0245,64,Under Review,06/04/2024
P0887,C0103,35,Under Review,30/12/2024
P0888,C0983,66,Under Review,26/04/2024
P0889,C0526,90,Rejected,15/07/2023
P0890,C0560,10,Approved,01/09/2023
P0891,C0741,35,Under Review,07/05/2024
P0892,C0639,88,Rejected,11/12/2024
P0893,C0726,46,Under Review,16/10/2023
P0894,C0586,17,Approved,24/12/2023
P0895,C0390,95,Rejected,06/03/2024
P0896,C0631,43,Under Review,28/08/2023
P0897,C0302,68,Under Review,14/07/2023
P0898,C0233,8,Approved,12/10/2023
P0899,C0396,44,Under Review,19/05/2024
P0900,C0490,84,Rejected,02/02/2024
P0901,C0815,65,Under Review,28/03/2024
P0902,C0114,40,Under Review,08/11/2024
P0903,C0616,16,Approved,01/01/2024
P0904,C0842,87,Rejected,03/10/2023
P0905,C0476,60,Under Review,23/02/2025
P0906,C0621,93,Rejected,23/12/2024
P0907,C0771,94,Rejected,21/04/2024
P0908,C0392,91,Rejected,17/03/2025
P0909,C0760,69,Under Review,17/04/2024
P0910,C0354,88,Rejected,06/12/2023
P0911,C0848,8,Approved,03/08/2024
P0912,C0019,8,Approved,23/03/2025
P0913,C0592,3,Approved,29/05/2024
P0914,C0903,8,Approved,11/04/2024
P0915,C0692,59,Under Review,18/02/2024
P0916,C0948,40,Under Review,02/05/2025
P0917,C0464,58,Under Review,13/04/2025
P0918,C0912,95,Rejected,19/08/2023
P0919,C0583,20,Approved,26/10/2023
P0920,C0752,41,Under Review,20/01/2024
P0921,C0356,52,Under Review,18/06/2023
P0922,C0507,15,Approved,13/03/2025
P0923,C0295,75,Rejected,09/05/2024
P0924,C0203,26,Approved,09/10/2024
P0925,C0074,50,Under Review,17/12/2023
P0926,C0810,17,Approved,15/01/2025
P0927,C0969,72,Rejected,17/05/2024
P0928,C0192,28,Approved,24/12/2023
P0929,C0316,26,Approved,23/10/2024
P0930,C0351,72,Rejected,15/12/2023
P0931,C0644,62,Under Review,29/04/2024
P0932,C0705,9,Approved,28/04/2025
P0933,C0638,50,Under Review,16/08/2023
P0934,C0164,10,Approved,19/12/2024
P0935,C0706,98,Rejected,17/12/2024
P0936,C0799,52,Under Review,02/05/2024
P0937,C0744,53,Under Review,23/03/2025
P0938,C0898,64,Under Review,07/07/2024
P0939,C0029,99,Rejected,03/11/2023
P0940,C0167,18,Approved,01/06/2024
P0941,C0664,40,Under Review,17/08/2023
P0942,C0703,44,Under Review,14/03/2024
P0943,C0717,35,Under Review,23/01/2024
P0944,C0861,56,Under Review,16/08/2023
P0945,C0151,72,Rejected,20/01/2024
P0946,C0164,10,Approved,27/06/2023
P0947,C0425,76,Rejected,03/09/2023
P0948,C0231,66,Under Review,25/03/2025
P0949,C0430,5,Approved,05/05/2024
P0950,C0569,89,Rejected,06/10/2023
P0951,C0191,91,Rejected,12/09/2023
P0952,C0733,44,Under Review,28/08/2023
P0953,C0117,7,Approved,19/02/2025
P0954,C0827,26,Approved,14/07/2023
P0955,C0976,56,Under Review,03/10/2023
P0956,C0862,58,Under Review,22/09/2024
P0957,C0930,69,Under Review,08/05/2023
P0958,C0317,61,Under Review,07/04/2024
P0959,C0275,31,Under Review,17/05/2024
P0960,C0057,51,Under Review,21/06/2023
P0961,C0357,27,Approved,17/12/2024
P0962,C0301,54,Under Review,07/06/2023
P0963,C0396,44,Under Review,09/06/2023
P0964,C0293,79,Rejected,14/05/2023
P0965,C0289,74,Rejected,14/04/2025
P0966,C0148,39,Under Review,02/02/2024
P0967,C0264,20,Approved,29/03/2024
P0968,C0922,21,Approved,18/05/2024
P0969,C0913,7,Approved,10/09/2023
P0970,C0747,96,Rejected,12/05/2023
P0971,C0463,63,Under Review,11/07/2023
P0972,C0026,71,Rejected,11/08/2023
P0973,C0059,76,Rejected,13/04/2024
P0974,C0106,12,Approved,14/03/2025
P0975,C0624,70,Under Review,07/06/2024
P0976,C0270,4,Approved,18/11/2024
P0977,C0863,66,Under Review,24/01/2024
P0978,C0780,69,Under Review,20/08/2024
P0979,C0743,12,Approved,02/05/2025
P0980,C0290,83,Rejected,18/06/2023
P0981,C0949,76,Rejected,16/12/2024
P0982,C0278,58,Under Review,30/06/2024
P0983,C0316,26,Approved,21/10/2024
P0984,C0669,2,Approved,09/10/2023
P0985,C0070,68,Under Review,18/12/2024
P0986,C0154,89,Rejected,02/10/2024
P0987,C0272,81,Rejected,24/08/2023
P0988,C1000,95,Rejected,17/07/2023
P0989,C0876,48,Under Review,13/01/2024
P0990,C0447,8,Approved,04/09/2023
P0991,C0044,30,Approved,17/03/2025
P0992,C0151,72,Rejected,21/02/2025
P0993,C0138,81,Rejected,30/12/2023
P0994,C0975,9,Approved,07/08/2024
P0995,C0896,20,Approved,21/07/2023
P0996,C0274,94,Rejected,21/04/2024
P0997,C0561,95,Rejected,19/12/2023
P0998,C0670,4,Approved,02/08/2023
P0999,C0677,57,Under Review,16/08/2024
P1000,C0909,74,Rejected,12/05/2024
P1028,C0339,19,Approved,06/02/2024
P1129,C0618,80,Rejected,27/07/2024
P1130,C0806,21,Approved,12/04/2025
P1150,C0531,70,Under Review,10/07/2024
P1151,C0066,21,Approved,05/06/2023
P1167,C0894,100,Rejected,07/09/2024
P1192,C0908,16,Approved,24/07/2024
P1253,C0582,2,Approved,08/08/2023
P1259,C0502,40,Under Review,08/08/2024
P1289,C0944,94,Rejected,22/12/2024
P1290,C0581,7,Approved,27/09/2024
P1349,C0856,82,Rejected,08/11/2023
P1360,C0776,18,Approved,23/03/2025
P1376,C0765,51,Under Review,11/11/2024
P1391,C0358,45,Under Review,19/07/2023
P1397,C0962,48,Under Review,14/02/2024
P1439,C0672,71,Rejected,22/09/2024
P1497,C0959,86,Rejected,25/12/2024
P1527,C0701,90,Rejected,12/04/2024
P1531,C0500,99,Rejected,30/06/2024
P1554,C0326,15,Approved,23/06/2024
P1608,C0594,57,Under Review,30/11/2023
P1631,C0068,43,Under Review,22/05/2024
P1648,C0372,82,Rejected,17/03/2025
P1689,C0702,18,Approved,03/12/2024
P1757,C0436,7,Approved,08/08/2024
P1759,C0952,42,Under Review,19/05/2024
P1775,C0352,68,Under Review,21/05/2024
P1793,C0878,66,Under Review,24/01/2025
P1816,C0988,87,Rejected,14/07/2023
P1849,C0824,70,Under Review,13/08/2024
P1863,C0739,85,Rejected,21/01/2024
P1886,C0368,18,Approved,23/08/2024
P1908,C0734,25,Approved,18/01/2025
P1919,C0696,44,Under Review,13/06/2023
P1923,C0680,44,Under Review,26/10/2024
P1929,C0597,47,Under Review,25/03/2025
P1961,C0261,47,Under Review,26/06/2023
P2000,C0790,95,Rejected,16/02/2024
P2003,C0667,55,Under Review,06/10/2024
P2050,C0031,88,Rejected,21/09/2023
P2064,C0015,86,Rejected,07/01/2024
P2106,C0432,74,Rejected,29/07/2024
P2162,C0256,15,Approved,26/08/2024
P2198,C0787,8,Approved,24/09/2024
P2224,C0082,14,Approved,06/02/2024
P2226,C0087,24,Approved,06/06/2023
P2273,C0349,58,Under Review,23/01/2025
P2361,C0596,3,Approved,22/12/2024
P2375,C0321,60,Under Review,14/11/2024
P2379,C0595,90,Rejected,28/05/2024
P2418,C0172,87,Rejected,29/05/2023
P2434,C0707,57,Under Review,09/07/2024
P2438,C0520,17,Approved,24/09/2024
P2441,C0180,90,Rejected,30/04/2025
P2482,C0510,88,Rejected,12/11/2023
P2500,C0548,72,Rejected,15/05/2024
P2513,C0306,14,Approved,18/05/2023
P2523,C0035,80,Rejected,12/04/2024
P2527,C0034,96,Rejected,25/01/2024
P2545,C0699,20,Approved,28/01/2024
P2577,C0090,54,Under Review,13/05/2024
P2579,C0893,11,Approved,12/07/2023
P2590,C0014,55,Under Review,22/03/2025
P2591,C0365,11,Approved,09/07/2023
P2675,C0121,98,Rejected,30/10/2023
P2679,C0415,12,Approved,21/01/2024
P2727,C0860,98,Rejected,05/05/2024
P2735,C0906,38,Under Review,16/11/2023
P2778,C0215,50,Under Review,29/07/2024
P2800,C0239,22,Approved,17/07/2024
P2872,C0783,62,Under Review,04/08/2024
P2916,C0514,10,Approved,04/06/2023
P2965,C0723,47,Under Review,10/08/2024
P3038,C0411,29,Approved,18/12/2023
P3059,C0992,72,Rejected,28/11/2023
P3060,C0604,30,Approved,01/08/2023
P3095,C0987,6,Approved,25/06/2023
P3143,C0277,12,Approved,18/10/2023
P3165,C0955,96,Rejected,28/02/2024
P3167,C0269,22,Approved,07/10/2024
P3170,C0984,36,Under Review,14/03/2024
P3172,C0632,3,Approved,11/10/2024
P3173,C0406,91,Rejected,11/04/2025
P3176,C0902,91,Rejected,26/12/2024
P3239,C0492,76,Rejected,29/01/2025
P3268,C0162,23,Approved,16/08/2023
P3289,C0612,52,Under Review,28/09/2024
P3310,C0587,65,Under Review,26/10/2023
P3312,C0197,95,Rejected,19/06/2024
P3351,C0450,92,Rejected,13/02/2024
P3358,C0779,36,Under Review,22/02/2025
P3362,C0299,64,Under Review,13/07/2024
P3423,C0065,20,Approved,12/04/2025
P3426,C0885,14,Approved,11/08/2023
P3502,C0125,31,Under Review,15/09/2023
P3562,C0809,86,Rejected,26/07/2024
P3583,C0493,87,Rejected,13/04/2024
P3609,C0917,19,Approved,13/10/2024
P3672,C0260,61,Under Review,07/01/2024
P3700,C0575,82,Rejected,28/08/2024
P3716,C0373,12,Approved,31/01/2025
P3757,C0143,19,Approved,30/04/2024
P3770,C0663,23,Approved,21/02/2024
P3817,C0883,14,Approved,02/01/2025
P3916,C0206,74,Rejected,25/01/2024
P3953,C0244,88,Rejected,28/07/2024
P3978,C0413,74,Rejected,03/12/2024
P3988,C0817,67,Under Review,07/05/2024
P3995,C0071,33,Under Review,02/12/2024
P4008,C0181,5,Approved,13/09/2024
P4037,C0456,76,Rejected,20/11/2023
P4061,C0767,66,Under Review,29/03/2024
P4090,C0431,66,Under Review,10/11/2023
P4094,C0452,15,Approved,23/09/2023
P4100,C0462,29,Approved,30/06/2023
P4113,C0630,30,Approved,06/06/2023
P4116,C0168,88,Rejected,25/09/2024
P4132,C0905,73,Rejected,08/10/2023
P4151,C0832,14,Approved,14/11/2023
P4154,C0195,33,Under Review,18/09/2023
P4170,C0555,92,Rejected,07/01/2024
P4191,C0834,67,Under Review,06/01/2025
P4218,C0232,7,Approved,04/03/2024
P4268,C0076,85,Rejected,05/02/2024
P4271,C0282,85,Rejected,28/06/2023
P4308,C0100,34,Under Review,01/01/2024
P4314,C0855,96,Rejected,11/09/2024
P4315,C0158,21,Approved,03/09/2023
P4377,C0480,71,Rejected,15/09/2024
P4438,C0879,11,Approved,07/08/2023
P4442,C0627,28,Approved,10/05/2024
P4449,C0402,58,Under Review,25/03/2024
P4473,C0580,0,Approved,10/06/2023
P4518,C0171,6,Approved,22/09/2023
P4521,C0485,3,Approved,31/05/2023
P4533,C0564,15,Approved,07/11/2023
P4537,C0658,67,Under Review,27/06/2023
P4553,C0202,27,Approved,13/05/2024
P4566,C0022,80,Rejected,07/04/2025
P4623,C0375,50,Under Review,28/08/2024
P4625,C0798,48,Under Review,26/01/2024
P4644,C0511,18,Approved,15/03/2025
P4686,C0530,87,Rejected,07/06/2024
P4691,C0427,4,Approved,10/09/2023
P4708,C0033,81,Rejected,03/04/2025
P4771,C0223,64,Under Review,05/06/2023
P4786,C0918,58,Under Review,05/07/2023
P4797,C0891,29,Approved,07/02/2025
P4813,C0673,35,Under Review,17/08/2023
P4824,C0073,63,Under Review,13/10/2024
P4857,C0243,14,Approved,17/07/2023
P4902,C0437,48,Under Review,21/11/2024
P4942,C0491,24,Approved,27/01/2024
P4985,C0017,33,Under Review,31/07/2024
P5043,C0370,36,Under Review,29/07/2024
P5054,C0254,66,Under Review,29/07/2024
P5056,C0408,14,Approved,14/04/2025
P5069,C0820,99,Rejected,09/03/2024
P5078,C0541,55,Under Review,04/04/2024
P5094,C0259,35,Under Review,22/11/2023
P5130,C0558,41,Under Review,27/09/2024
P5174,C0686,26,Approved,06/02/2025
P5176,C0371,81,Rejected,23/06/2023
P5181,C0210,22,Approved,22/12/2024
P5193,C0241,31,Under Review,03/12/2024
P5238,C0572,71,Rejected,12/04/2024
P5285,C0920,65,Under Review,15/01/2024
P5349,C0126,52,Under Review,31/03/2024
P5427,C0159,53,Under Review,13/08/2024
P5432,C0335,11,Approved,27/11/2024
P5460,C0979,91,Rejected,04/03/2025
P5468,C0268,84,Rejected,24/01/2024
P5485,C0754,76,Rejected,26/09/2024
P5499,C0051,34,Under Review,29/08/2024
P5538,C0735,56,Under Review,16/01/2025
P5628,C0147,57,Under Review,25/09/2024
P5642,C0986,49,Under Review,29/04/2025
P5684,C0303,4,Approved,21/07/2023
P5691,C0499,1,Approved,03/09/2024
P5762,C0886,9,Approved,03/05/2025
P5773,C0391,90,Rejected,09/06/2024
P5821,C0549,52,Under Review,27/01/2025
P5828,C0061,40,Under Review,21/07/2023
P5839,C0556,97,Rejected,30/07/2024
P5882,C0763,75,Rejected,05/11/2023
P5899,C0078,47,Under Review,12/06/2024
P5913,C0833,30,Approved,26/05/2024
P5975,C0055,28,Approved,20/08/2023
P6007,C0347,68,Under Review,07/08/2023
P6033,C0800,69,Under Review,20/06/2024
P6042,C0578,27,Approved,12/05/2024
P6045,C0899,36,Under Review,10/04/2025
P6050,C0353,57,Under Review,07/02/2024
P6102,C0934,30,Approved,26/09/2023
P6111,C0943,70,Under Review,09/07/2023
P6123,C0919,92,Rejected,14/09/2024
P6134,C0881,43,Under Review,31/01/2025
P6155,C0731,0,Approved,05/10/2023
P6162,C0466,95,Rejected,26/12/2023
P6180,C0557,49,Under Review,17/05/2023
P6219,C0169,91,Rejected,07/03/2025
P6277,C0770,14,Approved,09/05/2023
P6287,C0249,16,Approved,20/01/2024
P6290,C0764,48,Under Review,19/10/2023
P6302,C0112,94,Rejected,26/10/2023
P6309,C0455,13,Approved,09/03/2024
P6339,C0039,94,Rejected,16/12/2024
P6353,C0111,25,Approved,02/06/2023
P6392,C0704,64,Under Review,11/08/2023
P6393,C0428,15,Approved,03/07/2024
P6400,C0434,76,Rejected,27/04/2025
P6431,C0478,90,Rejected,16/07/2024
P6443,C0305,2,Approved,05/05/2025
P6455,C0139,66,Under Review,13/11/2023
P6472,C0794,70,Under Review,31/08/2024
P6515,C0360,65,Under Review,08/02/2024
P6525,C0475,85,Rejected,25/11/2023
P6546,C0676,42,Under Review,21/05/2023
P6553,C0236,49,Under Review,25/08/2023
P6574,C0871,36,Under Review,24/03/2025
P6597,C0829,73,Rejected,28/06/2023
P6600,C0166,16,Approved,18/09/2024
P6613,C0094,43,Under Review,28/09/2023
P6623,C0021,7,Approved,15/12/2023
P6628,C0679,18,Approved,22/08/2024
P6646,C0750,16,Approved,13/09/2024
P6665,C0722,63,Under Review,18/12/2024
P6678,C0200,85,Rejected,01/05/2024
P6743,C0947,17,Approved,26/11/2024
P6760,C0320,84,Rejected,08/10/2023
P6793,C0849,63,Under Review,07/07/2024
P6863,C0907,49,Under Review,10/02/2025
P6884,C0890,87,Rejected,25/07/2023
P6936,C0844,20,Approved,23/01/2024
P6938,C0755,63,Under Review,11/11/2024
P6946,C0830,25,Approved,07/11/2023
P6969,C0540,73,Rejected,12/06/2023
P7039,C0310,27,Approved,29/07/2023
P7063,C0529,99,Rejected,21/01/2024
P7085,C0821,56,Under Review,05/04/2025
P7112,C0006,43,Under Review,28/07/2024
P7126,C0160,11,Approved,14/03/2025
P7256,C0695,61,Under Review,09/07/2024
P7258,C0974,21,Approved,14/02/2024
P7260,C0086,74,Rejected,22/11/2024
P7281,C0925,16,Approved,16/01/2025
P7320,C0020,80,Rejected,23/11/2023
P7344,C0047,47,Under Review,16/09/2024
P7357,C0884,10,Approved,07/07/2024
P7372,C0915,52,Under Review,02/04/2025
P7374,C0045,95,Rejected,13/09/2023
P7378,C0666,86,Rejected,11/08/2024
P7412,C0252,49,Under Review,05/03/2024
P7446,C0545,27,Approved,11/06/2024
P7457,C0230,42,Under Review,12/06/2023
P7458,C0980,34,Under Review,01/06/2024
P7544,C0279,88,Rejected,21/06/2023
P7559,C0868,11,Approved,17/07/2023
P7618,C0382,2,Approved,05/07/2023
P7637,C0857,83,Rejected,18/11/2023
P7648,C0383,78,Rejected,14/06/2023
P7683,C0439,59,Under Review,11/10/2023
P7733,C0929,73,Rejected,13/02/2024
P7743,C0539,43,Under Review,20/10/2024
P7764,C0751,8,Approved,14/09/2024
P7815,C0421,16,Approved,04/05/2024
P7829,C0088,7,Approved,02/05/2025
P7858,C0718,9,Approved,04/07/2024
P7870,C0149,92,Rejected,07/12/2024
P7887,C0589,79,Rejected,10/06/2024
P9999,C9999,99,Rejected,01/07/2025
P5001,C1012,66,Rejected,01/07/2025
P7892,C0091,41,Under Review,12/05/2024
P7944,C0534,65,Under Review,13/10/2024
P7954,C0740,42,Under Review,18/10/2024
P8024,C0226,66,Under Review,27/02/2024
P8057,C0927,26,Approved,30/09/2024
P8062,C0214,76,Rejected,13/12/2023
P8063,C0609,21,Approved,18/05/2024
P8086,C0781,80,Rejected,03/09/2024
P8105,C0075,88,Rejected,01/05/2025
P8115,C0488,3,Approved,22/08/2024
P8116,C0238,100,Rejected,13/12/2024
P8118,C0807,64,Under Review,05/05/2024
P8120,C0766,38,Under Review,20/02/2024
P8159,C0003,79,Rejected,26/10/2024
P8197,C0498,54,Under Review,29/03/2025
P8217,C0840,64,Under Review,23/01/2024
P8223,C0789,43,Under Review,11/07/2023
P8227,C0011,52,Under Review,07/07/2023
P8243,C0588,40,Under Review,28/09/2024
P8252,C0993,78,Rejected,24/12/2024
P8256,C0468,64,Under Review,17/05/2023
P8296,C0516,16,Approved,21/09/2024
P8322,C0222,92,Rejected,14/09/2023
P8364,C0671,79,Rejected,20/03/2024
P8377,C0967,51,Under Review,14/01/2025
P8381,C0069,89,Rejected,22/06/2023
P8400,C0085,79,Rejected,02/06/2024
P8429,C0562,52,Under Review,28/06/2023
P8438,C0361,15,Approved,10/06/2024
P8446,C0745,95,Rejected,08/07/2024
P8469,C0864,62,Under Review,15/06/2023
P8485,C0939,67,Under Review,01/10/2024
P8499,C0535,59,Under Review,11/12/2023
P8524,C0471,20,Approved,03/04/2025
P8526,C0067,77,Rejected,05/12/2023
P8537,C0728,23,Approved,18/01/2025
P8538,C0682,49,Under Review,23/01/2025
P8540,C0364,24,Approved,01/06/2024
P8544,C0001,18,Approved,25/07/2023
P8593,C0058,83,Rejected,20/01/2024
P8606,C0936,21,Approved,01/04/2025
P8626,C0119,26,Approved,30/11/2023
P8637,C0854,0,Approved,12/11/2023
P8673,C0633,3,Approved,08/09/2023
P8692,C0161,47,Under Review,23/11/2024
P8713,C0554,21,Approved,26/04/2025
P8722,C0131,37,Under Review,12/09/2023
P8728,C0870,46,Under Review,05/09/2023
P8738,C0092,6,Approved,14/07/2023
P8759,C0334,30,Approved,06/07/2024
P8789,C0720,46,Under Review,20/10/2023
P8852,C0951,64,Under Review,03/05/2025
P8862,C0115,38,Under Review,09/06/2023
P8877,C0040,18,Approved,11/02/2024
P8912,C0063,8,Approved,02/01/2025
P8913,C0659,24,Approved,26/08/2023
P8932,C0875,61,Under Review,26/05/2024
P8964,C0607,86,Rejected,02/02/2025
P8973,C0972,14,Approved,11/02/2024
P9015,C0645,0,Approved,01/04/2025
P9115,C0032,15,Approved,17/10/2024
P9147,C0954,92,Rejected,19/04/2025
P9173,C0448,68,Under Review,07/05/2023
P9182,C0028,26,Approved,28/08/2023
P9223,C0778,50,Under Review,16/02/2024
P9244,C0923,66,Under Review,20/10/2024
P9266,C0544,75,Rejected,16/02/2024
P9412,C0429,94,Rejected,15/06/2024
P9456,C0852,7,Approved,28/10/2024
P9482,C0405,17,Approved,31/08/2023
P9500,C0208,44,Under Review,10/11/2024
P9520,C0374,98,Rejected,09/03/2024
P9521,C0997,38,Under Review,05/11/2024
P9579,C0818,89,Rejected,01/11/2023
P9601,C0048,5,Approved,05/01/2024
P9609,C0957,31,Under Review,21/11/2024
P9617,C0497,1,Approved,22/07/2024
P9619,C0971,24,Approved,21/05/2024
P9645,C0990,78,Rejected,13/04/2025
P9777,C0837,44,Under Review,31/03/2024
P9804,C0565,72,Rejected,12/12/2023
P9820,C0968,12,Approved,10/10/2024
P9845,C0716,90,Rejected,21/12/2023
P9860,C0205,51,Under Review,10/07/2023
P9903,C0653,41,Under Review,21/10/2024
P9919,C0942,92,Rejected,16/02/2025
P9923,C0999,17,Approved,29/02/2024
P9946,C0547,11,Approved,17/06/2024
P9951,C0889,11,Approved,04/11/2023
